name,code,state_id
AGUASCALIENTES,AG_01,1
ASIENTOS,AS_02,1
CALVILLO,CA_03,1
COSIO,CO_04,1
JESUS MARIA,JE_05,1
PABELLON DE ARTEAGA,PA_06,1
RINCON DE ROMOS,RI_07,1
SAN JOSE DE GRACIA,SA_08,1
TEPEZALA,TE_09,1
EL LLANO,EL_10,1
SAN FRANCISCO DE LOS ROMO,SA_11,1
NO ESPECIFICADO,NO_99,1
ENSENADA,EN_01,2
MEXICALI,ME_02,2
TECATE,TE_03,2
TIJUANA,TI_04,2
PLAYAS DE ROSARITO,PL_05,2
SAN QUINTIN,SA_06,2
SAN FELIPE,SA_07,2
NO ESPECIFICADO,NO_99,2
COMONDU,CO_01,3
MULEGE,MU_02,3
LA PAZ,LA_03,3
LOS CABOS,LO_08,3
LORETO,LO_09,3
NO ESPECIFICADO,NO_99,3
CALKINI,CA_01,4
CAMPECHE,CA_02,4
CARMEN,CA_03,4
CHAMPOTON,CH_04,4
HECELCHAKAN,HE_05,4
HOPELCHEN,HO_06,4
PALIZADA,PA_07,4
TENABO,TE_08,4
ESCARCEGA,ES_09,4
CALAKMUL,CA_10,4
CANDELARIA,CA_11,4
SEYBAPLAYA,SE_12,4
DZITBALCHE,DZ_13,4
NO ESPECIFICADO,NO_99,4
ABASOLO,AB_01,5
ACUÑA,AC_02,5
ALLENDE,AL_03,5
ARTEAGA,AR_04,5
CANDELA,CA_05,5
CASTAÑOS,CA_06,5
CUATRO CIENEGAS,CU_07,5
ESCOBEDO,ES_08,5
FRANCISCO I. MADERO,FR_09,5
FRONTERA,FR_10,5
GENERAL CEPEDA,GE_11,5
GUERRERO,GU_12,5
HIDALGO,HI_13,5
JIMENEZ,JI_14,5
JUAREZ,JU_15,5
LAMADRID,LA_16,5
MATAMOROS,MA_17,5
MONCLOVA,MO_18,5
MORELOS,MO_19,5
MUZQUIZ,MU_20,5
NADADORES,NA_21,5
NAVA,NA_22,5
OCAMPO,OC_23,5
PARRAS,PA_24,5
PIEDRAS NEGRAS,PI_25,5
PROGRESO,PR_26,5
RAMOS ARIZPE,RA_27,5
SABINAS,SA_28,5
SACRAMENTO,SA_29,5
SALTILLO,SA_30,5
SAN BUENAVENTURA,SA_31,5
SAN JUAN DE SABINAS,SA_32,5
SAN PEDRO,SA_33,5
SIERRA MOJADA,SI_34,5
TORREON,TO_35,5
VIESCA,VI_36,5
VILLA UNION,VI_37,5
ZARAGOZA,ZA_38,5
NO ESPECIFICADO,NO_99,5
ARMERIA,AR_01,6
COLIMA,CO_02,6
COMALA,CO_03,6
COQUIMATLAN,CO_04,6
CUAUHTEMOC,CU_05,6
IXTLAHUACAN,IX_06,6
MANZANILLO,MA_07,6
MINATITLAN,MI_08,6
TECOMAN,TE_09,6
VILLA DE ALVAREZ,VI_10,6
NO ESPECIFICADO,NO_99,6
ACACOYAGUA,AC_01,7
ACALA,AC_02,7
ACAPETAHUA,AC_03,7
ALTAMIRANO,AL_04,7
AMATAN,AM_05,7
AMATENANGO DE LA FRONTERA,AM_06,7
AMATENANGO DEL VALLE,AM_07,7
ANGEL ALBINO CORZO,AN_08,7
ARRIAGA,AR_09,7
BEJUCAL DE OCAMPO,BE_10,7
BELLA VISTA,BE_11,7
BERRIOZABAL,BE_12,7
BOCHIL,BO_13,7
EL BOSQUE,EL_14,7
CACAHOATAN,CA_15,7
CATAZAJA,CA_16,7
CINTALAPA DE FIGUEROA,CI_17,7
COAPILLA,CO_18,7
COMITAN DE DOMINGUEZ,CO_19,7
LA CONCORDIA,LA_20,7
COPAINALA,CO_21,7
CHALCHIHUITAN,CH_22,7
CHAMULA,CH_23,7
CHANAL,CH_24,7
CHAPULTENANGO,CH_25,7
CHENALHO,CH_26,7
CHIAPA DE CORZO,CH_27,7
CHIAPILLA,CH_28,7
CHICOASEN,CH_29,7
CHICOMUSELO,CH_30,7
CHILON,CH_31,7
ESCUINTLA,ES_32,7
FRANCISCO LEON,FR_33,7
FRONTERA COMALAPA,FR_34,7
FRONTERA HIDALGO,FR_35,7
LA GRANDEZA,LA_36,7
HUEHUETAN,HU_37,7
HUIXTAN,HU_38,7
HUITIUPAN,HU_39,7
HUIXTLA,HU_40,7
LA INDEPENDENCIA,LA_41,7
IXHUATAN,IX_42,7
IXTACOMITAN,IX_43,7
IXTAPA,IX_44,7
IXTAPANGAJOYA,IX_45,7
JIQUIPILAS,JI_46,7
JITOTOL,JI_47,7
JUAREZ,JU_48,7
LARRAINZAR,LA_49,7
LA LIBERTAD,LA_50,7
MAPASTEPEC,MA_51,7
LAS MARGARITAS,LA_52,7
MAZAPA DE MADERO,MA_53,7
MAZATAN,MA_54,7
METAPA,ME_55,7
MITONTIC,MI_56,7
MOTOZINTLA,MO_57,7
NICOLAS RUIZ,NI_58,7
OCOSINGO,OC_59,7
OCOTEPEC,OC_60,7
OCOZOCOAUTLA DE ESPINOSA,OC_61,7
OSTUACAN,OS_62,7
OSUMACINTA,OS_63,7
OXCHUC,OX_64,7
PALENQUE,PA_65,7
PANTELHO,PA_66,7
PANTEPEC,PA_67,7
PICHUCALCO,PI_68,7
PIJIJIAPAN,PI_69,7
EL PORVENIR,EL_70,7
VILLA COMALTITLAN,VI_71,7
PUEBLO NUEVO SOLISTAHUACAN,PU_72,7
RAYON,RA_73,7
REFORMA,RE_74,7
LAS ROSAS,LA_75,7
SABANILLA,SA_76,7
SALTO DE AGUA,SA_77,7
SAN CRISTOBAL DE LAS CASAS,SA_78,7
SAN FERNANDO,SA_79,7
SILTEPEC,SI_80,7
SIMOJOVEL,SI_81,7
SITALA,SI_82,7
SOCOLTENANGO,SO_83,7
SOLOSUCHIAPA,SO_84,7
SOYALO,SO_85,7
SUCHIAPA,SU_86,7
SUCHIATE,SU_87,7
SUNUAPA,SU_88,7
TAPACHULA,TA_89,7
TAPALAPA,TA_90,7
TAPILULA,TA_91,7
TECPATAN,TE_92,7
TENEJAPA,TE_93,7
TEOPISCA,TE_94,7
TILA,TI_96,7
TONALA,TO_97,7
TOTOLAPA,TO_98,7
LA TRINITARIA,LA_99,7
TUMBALA,TU_00,7
TUXTLA GUTIERREZ,TU_01,7
TUXTLA CHICO,TU_02,7
TUZANTAN,TU_03,7
TZIMOL,TZ_04,7
UNION JUAREZ,UN_05,7
VENUSTIANO CARRANZA,VE_06,7
VILLA CORZO,VI_07,7
VILLAFLORES,VI_08,7
YAJALON,YA_09,7
SAN LUCAS,SA_10,7
ZINACANTAN,ZI_11,7
SAN JUAN CANCUC,SA_12,7
ALDAMA,AL_13,7
BENEMERITO DE LAS AMERICAS,BE_14,7
MARAVILLA TENEJAPA,MA_15,7
MARQUES DE COMILLAS,MA_16,7
MONTECRISTO DE GUERRERO,MO_17,7
SAN ANDRES DURAZNAL,SA_18,7
SANTIAGO EL PINAR,SA_19,7
CAPITAN LUIS ANGEL VIDAL,CA_20,7
RINCON CHAMULA SAN PEDRO,RI_21,7
EL PARRAL,EL_22,7
EMILIANO ZAPATA,EM_23,7
MEZCALAPA,ME_24,7
HONDURAS DE LA SIERRA,HO_25,7
NO ESPECIFICADO,NO_99,7
AHUMADA,AH_01,8
ALDAMA,AL_02,8
ALLENDE,AL_03,8
AQUILES SERDAN,AQ_04,8
ASCENSION,AS_05,8
BACHINIVA,BA_06,8
BALLEZA,BA_07,8
BATOPILAS DE MANUEL GOMEZ MORIN,BA_08,8
BOCOYNA,BO_09,8
BUENAVENTURA,BU_10,8
CAMARGO,CA_11,8
CARICHI,CA_12,8
CASAS GRANDES,CA_13,8
CORONADO,CO_14,8
COYAME DEL SOTOL,CO_15,8
LA CRUZ,LA_16,8
CUAUHTEMOC,CU_17,8
CUSIHUIRIACHI,CU_18,8
CHIHUAHUA,CH_19,8
CHINIPAS,CH_20,8
DELICIAS,DE_21,8
DR. BELISARIO DOMINGUEZ,DR_22,8
GALEANA,GA_23,8
SANTA ISABEL,SA_24,8
GOMEZ FARIAS,GO_25,8
GRAN MORELOS,GR_26,8
GUACHOCHI,GU_27,8
GUADALUPE,GU_28,8
GUADALUPE Y CALVO,GU_29,8
GUAZAPARES,GU_30,8
GUERRERO,GU_31,8
HIDALGO DEL PARRAL,HI_32,8
HUEJOTITAN,HU_33,8
IGNACIO ZARAGOZA,IG_34,8
JANOS,JA_35,8
JIMENEZ,JI_36,8
JUAREZ,JU_37,8
JULIMES,JU_38,8
LOPEZ,LO_39,8
MADERA,MA_40,8
MAGUARICHI,MA_41,8
MANUEL BENAVIDES,MA_42,8
MATACHI,MA_43,8
MATAMOROS,MA_44,8
MEOQUI,ME_45,8
MORELOS,MO_46,8
MORIS,MO_47,8
NAMIQUIPA,NA_48,8
NONOAVA,NO_49,8
NUEVO CASAS GRANDES,NU_50,8
OCAMPO,OC_51,8
OJINAGA,OJ_52,8
PRAXEDIS G. GUERRERO,PR_53,8
RIVA PALACIO,RI_54,8
ROSALES,RO_55,8
ROSARIO,RO_56,8
SAN FRANCISCO DE BORJA,SA_57,8
SAN FRANCISCO DE CONCHOS,SA_58,8
SAN FRANCISCO DEL ORO,SA_59,8
SANTA BARBARA,SA_60,8
SATEVO,SA_61,8
SAUCILLO,SA_62,8
TEMOSACHIC,TE_63,8
EL TULE,EL_64,8
URIQUE,UR_65,8
URUACHI,UR_66,8
VALLE DE ZARAGOZA,VA_67,8
NO ESPECIFICADO,NO_99,8
AZCAPOTZALCO,AZ_02,9
COYOACAN,CO_03,9
CUAJIMALPA DE MORELOS,CU_04,9
GUSTAVO A. MADERO,GU_05,9
IZTACALCO,IZ_06,9
IZTAPALAPA,IZ_07,9
LA MAGDALENA CONTRERAS,LA_08,9
MILPA ALTA,MI_09,9
ALVARO OBREGON,AL_10,9
TLAHUAC,TL_11,9
TLALPAN,TL_12,9
XOCHIMILCO,XO_13,9
BENITO JUAREZ,BE_14,9
CUAUHTEMOC,CU_15,9
MIGUEL HIDALGO,MI_16,9
VENUSTIANO CARRANZA,VE_17,9
NO ESPECIFICADO,NO_99,9
CANATLAN,CA_01,10
CANELAS,CA_02,10
CONETO DE COMONFORT,CO_03,10
CUENCAME,CU_04,10
DURANGO,DU_05,10
GENERAL SIMON BOLIVAR,GE_06,10
GOMEZ PALACIO,GO_07,10
GUADALUPE VICTORIA,GU_08,10
GUANACEVI,GU_09,10
HIDALGO,HI_10,10
INDE,IN_11,10
LERDO,LE_12,10
MAPIMI,MA_13,10
MEZQUITAL,ME_14,10
NAZAS,NA_15,10
NOMBRE DE DIOS,NO_16,10
OCAMPO,OC_17,10
EL ORO,EL_18,10
OTAEZ,OT_19,10
PANUCO DE CORONADO,PA_20,10
PEÑON BLANCO,PE_21,10
POANAS,PO_22,10
PUEBLO NUEVO,PU_23,10
RODEO,RO_24,10
SAN BERNARDO,SA_25,10
SAN DIMAS,SA_26,10
SAN JUAN DE GUADALUPE,SA_27,10
SAN JUAN DEL RIO,SA_28,10
SAN LUIS DEL CORDERO,SA_29,10
SAN PEDRO DEL GALLO,SA_30,10
SANTA CLARA,SA_31,10
SANTIAGO PAPASQUIARO,SA_32,10
SUCHIL,SU_33,10
TAMAZULA,TA_34,10
TEPEHUANES,TE_35,10
TLAHUALILO,TL_36,10
TOPIA,TO_37,10
VICENTE GUERRERO,VI_38,10
NUEVO IDEAL,NU_39,10
NO ESPECIFICADO,NO_99,10
ABASOLO,AB_01,11
ACAMBARO,AC_02,11
SAN MIGUEL DE ALLENDE,SA_03,11
APASEO EL ALTO,AP_04,11
APASEO EL GRANDE,AP_05,11
ATARJEA,AT_06,11
CELAYA,CE_07,11
MANUEL DOBLADO,MA_08,11
COMONFORT,CO_09,11
CORONEO,CO_10,11
CORTAZAR,CO_11,11
CUERAMARO,CU_12,11
DOCTOR MORA,DO_13,11
DOLORES HIDALGO CUNA DE LA INDEPENDENCIA NACIONAL,DO_14,11
GUANAJUATO,GU_15,11
HUANIMARO,HU_16,11
IRAPUATO,IR_17,11
JARAL DEL PROGRESO,JA_18,11
JERECUARO,JE_19,11
LEON,LE_20,11
MOROLEON,MO_21,11
OCAMPO,OC_22,11
PENJAMO,PE_23,11
PUEBLO NUEVO,PU_24,11
PURISIMA DEL RINCON,PU_25,11
ROMITA,RO_26,11
SALAMANCA,SA_27,11
SALVATIERRA,SA_28,11
SAN DIEGO DE LA UNION,SA_29,11
SAN FELIPE,SA_30,11
SAN FRANCISCO DEL RINCON,SA_31,11
SAN JOSE ITURBIDE,SA_32,11
SAN LUIS DE LA PAZ,SA_33,11
SANTA CATARINA,SA_34,11
SANTA CRUZ DE JUVENTINO ROSAS,SA_35,11
SANTIAGO MARAVATIO,SA_36,11
SILAO DE LA VICTORIA,SI_37,11
TARANDACUAO,TA_38,11
TARIMORO,TA_39,11
TIERRA BLANCA,TI_40,11
URIANGATO,UR_41,11
VALLE DE SANTIAGO,VA_42,11
VICTORIA,VI_43,11
VILLAGRAN,VI_44,11
XICHU,XI_45,11
YURIRIA,YU_46,11
NO ESPECIFICADO,NO_99,11
ACAPULCO DE JUAREZ,AC_01,12
AHUACUOTZINGO,AH_02,12
AJUCHITLAN DEL PROGRESO,AJ_03,12
ALCOZAUCA DE GUERRERO,AL_04,12
ALPOYECA,AL_05,12
APAXTLA,AP_06,12
ARCELIA,AR_07,12
ATENANGO DEL RIO,AT_08,12
ATLAMAJALCINGO DEL MONTE,AT_09,12
ATLIXTAC,AT_10,12
ATOYAC DE ALVAREZ,AT_11,12
AYUTLA DE LOS LIBRES,AY_12,12
AZOYU,AZ_13,12
BENITO JUAREZ,BE_14,12
BUENAVISTA DE CUELLAR,BU_15,12
COAHUAYUTLA DE JOSE MARIA IZAZAGA,CO_16,12
COCULA,CO_17,12
COPALA,CO_18,12
COPALILLO,CO_19,12
COPANATOYAC,CO_20,12
COYUCA DE BENITEZ,CO_21,12
COYUCA DE CATALAN,CO_22,12
CUAJINICUILAPA,CU_23,12
CUALAC,CU_24,12
CUAUTEPEC,CU_25,12
CUETZALA DEL PROGRESO,CU_26,12
CUTZAMALA DE PINZON,CU_27,12
CHILAPA DE ALVAREZ,CH_28,12
CHILPANCINGO DE LOS BRAVO,CH_29,12
FLORENCIO VILLARREAL,FL_30,12
GENERAL CANUTO A. NERI,GE_31,12
GENERAL HELIODORO CASTILLO,GE_32,12
HUAMUXTITLAN,HU_33,12
HUITZUCO DE LOS FIGUEROA,HU_34,12
IGUALA DE LA INDEPENDENCIA,IG_35,12
IGUALAPA,IG_36,12
IXCATEOPAN DE CUAUHTEMOC,IX_37,12
ZIHUATANEJO DE AZUETA,ZI_38,12
JUAN R. ESCUDERO,JU_39,12
LEONARDO BRAVO,LE_40,12
MALINALTEPEC,MA_41,12
MARTIR DE CUILAPAN,MA_42,12
METLATONOC,ME_43,12
MOCHITLAN,MO_44,12
OLINALA,OL_45,12
OMETEPEC,OM_46,12
PEDRO ASCENCIO ALQUISIRAS,PE_47,12
PETATLAN,PE_48,12
PILCAYA,PI_49,12
PUNGARABATO,PU_50,12
QUECHULTENANGO,QU_51,12
SAN LUIS ACATLAN,SA_52,12
SAN MARCOS,SA_53,12
SAN MIGUEL TOTOLAPAN,SA_54,12
TAXCO DE ALARCON,TA_55,12
TECOANAPA,TE_56,12
TECPAN DE GALEANA,TE_57,12
TELOLOAPAN,TE_58,12
TEPECOACUILCO DE TRUJANO,TE_59,12
TETIPAC,TE_60,12
TIXTLA DE GUERRERO,TI_61,12
TLACOACHISTLAHUACA,TL_62,12
TLACOAPA,TL_63,12
TLALCHAPA,TL_64,12
TLALIXTAQUILLA DE MALDONADO,TL_65,12
TLAPA DE COMONFORT,TL_66,12
TLAPEHUALA,TL_67,12
LA UNION DE ISIDORO MONTES DE OCA,LA_68,12
XALPATLAHUAC,XA_69,12
XOCHIHUEHUETLAN,XO_70,12
XOCHISTLAHUACA,XO_71,12
ZAPOTITLAN TABLAS,ZA_72,12
ZIRANDARO,ZI_73,12
ZITLALA,ZI_74,12
EDUARDO NERI,ED_75,12
ACATEPEC,AC_76,12
MARQUELIA,MA_77,12
COCHOAPA EL GRANDE,CO_78,12
JOSE JOAQUIN DE HERRERA,JO_79,12
JUCHITAN,JU_80,12
ILIATENCO,IL_81,12
NO ESPECIFICADO,NO_99,12
ACATLAN,AC_01,13
ACAXOCHITLAN,AC_02,13
ACTOPAN,AC_03,13
AGUA BLANCA DE ITURBIDE,AG_04,13
AJACUBA,AJ_05,13
ALFAJAYUCAN,AL_06,13
ALMOLOYA,AL_07,13
APAN,AP_08,13
EL ARENAL,EL_09,13
ATITALAQUIA,AT_10,13
ATLAPEXCO,AT_11,13
ATOTONILCO EL GRANDE,AT_12,13
ATOTONILCO DE TULA,AT_13,13
CALNALI,CA_14,13
CARDONAL,CA_15,13
CUAUTEPEC DE HINOJOSA,CU_16,13
CHAPANTONGO,CH_17,13
CHAPULHUACAN,CH_18,13
CHILCUAUTLA,CH_19,13
ELOXOCHITLAN,EL_20,13
EMILIANO ZAPATA,EM_21,13
EPAZOYUCAN,EP_22,13
FRANCISCO I. MADERO,FR_23,13
HUASCA DE OCAMPO,HU_24,13
HUAUTLA,HU_25,13
HUAZALINGO,HU_26,13
HUEHUETLA,HU_27,13
HUEJUTLA DE REYES,HU_28,13
HUICHAPAN,HU_29,13
IXMIQUILPAN,IX_30,13
JACALA DE LEDEZMA,JA_31,13
JALTOCAN,JA_32,13
JUAREZ HIDALGO,JU_33,13
LOLOTLA,LO_34,13
METEPEC,ME_35,13
SAN AGUSTIN METZQUITITLAN,SA_36,13
METZTITLAN,ME_37,13
MINERAL DEL CHICO,MI_38,13
MINERAL DEL MONTE,MI_39,13
LA MISION,LA_40,13
MIXQUIAHUALA DE JUAREZ,MI_41,13
MOLANGO DE ESCAMILLA,MO_42,13
NICOLAS FLORES,NI_43,13
NOPALA DE VILLAGRAN,NO_44,13
OMITLAN DE JUAREZ,OM_45,13
SAN FELIPE ORIZATLAN,SA_46,13
PACULA,PA_47,13
PACHUCA DE SOTO,PA_48,13
PISAFLORES,PI_49,13
PROGRESO DE OBREGON,PR_50,13
MINERAL DE LA REFORMA,MI_51,13
SAN AGUSTIN TLAXIACA,SA_52,13
SAN BARTOLO TUTOTEPEC,SA_53,13
SAN SALVADOR,SA_54,13
SANTIAGO DE ANAYA,SA_55,13
SANTIAGO TULANTEPEC DE LUGO GUERRERO,SA_56,13
SINGUILUCAN,SI_57,13
TASQUILLO,TA_58,13
TECOZAUTLA,TE_59,13
TENANGO DE DORIA,TE_60,13
TEPEAPULCO,TE_61,13
TEPEHUACAN DE GUERRERO,TE_62,13
TEPEJI DEL RIO DE OCAMPO,TE_63,13
TEPETITLAN,TE_64,13
TETEPANGO,TE_65,13
VILLA DE TEZONTEPEC,VI_66,13
TEZONTEPEC DE ALDAMA,TE_67,13
TIANGUISTENGO,TI_68,13
TIZAYUCA,TI_69,13
TLAHUELILPAN,TL_70,13
TLAHUILTEPA,TL_71,13
TLANALAPA,TL_72,13
TLANCHINOL,TL_73,13
TLAXCOAPAN,TL_74,13
TOLCAYUCA,TO_75,13
TULA DE ALLENDE,TU_76,13
TULANCINGO DE BRAVO,TU_77,13
XOCHIATIPAN,XO_78,13
XOCHICOATLAN,XO_79,13
YAHUALICA,YA_80,13
ZACUALTIPAN DE ANGELES,ZA_81,13
ZAPOTLAN DE JUAREZ,ZA_82,13
ZEMPOALA,ZE_83,13
ZIMAPAN,ZI_84,13
NO ESPECIFICADO,NO_99,13
ACATIC,AC_01,14
ACATLAN DE JUAREZ,AC_02,14
AHUALULCO DE MERCADO,AH_03,14
AMACUECA,AM_04,14
AMATITAN,AM_05,14
AMECA,AM_06,14
SAN JUANITO DE ESCOBEDO,SA_07,14
ARANDAS,AR_08,14
EL ARENAL,EL_09,14
ATEMAJAC DE BRIZUELA,AT_10,14
ATENGO,AT_11,14
ATENGUILLO,AT_12,14
ATOTONILCO EL ALTO,AT_13,14
ATOYAC,AT_14,14
AUTLAN DE NAVARRO,AU_15,14
AYOTLAN,AY_16,14
AYUTLA,AY_17,14
LA BARCA,LA_18,14
BOLAÑOS,BO_19,14
CABO CORRIENTES,CA_20,14
CASIMIRO CASTILLO,CA_21,14
CIHUATLAN,CI_22,14
ZAPOTLAN EL GRANDE,ZA_23,14
COCULA,CO_24,14
COLOTLAN,CO_25,14
CONCEPCION DE BUENOS AIRES,CO_26,14
CUAUTITLAN DE GARCIA BARRAGAN,CU_27,14
CUAUTLA,CU_28,14
CUQUIO,CU_29,14
CHAPALA,CH_30,14
CHIMALTITAN,CH_31,14
CHIQUILISTLAN,CH_32,14
DEGOLLADO,DE_33,14
EJUTLA,EJ_34,14
ENCARNACION DE DIAZ,EN_35,14
ETZATLAN,ET_36,14
EL GRULLO,EL_37,14
GUACHINANGO,GU_38,14
GUADALAJARA,GU_39,14
HOSTOTIPAQUILLO,HO_40,14
HUEJUCAR,HU_41,14
HUEJUQUILLA EL ALTO,HU_42,14
LA HUERTA,LA_43,14
IXTLAHUACAN DE LOS MEMBRILLOS,IX_44,14
IXTLAHUACAN DEL RIO,IX_45,14
JALOSTOTITLAN,JA_46,14
JAMAY,JA_47,14
JESUS MARIA,JE_48,14
JILOTLAN DE LOS DOLORES,JI_49,14
JOCOTEPEC,JO_50,14
JUANACATLAN,JU_51,14
JUCHITLAN,JU_52,14
LAGOS DE MORENO,LA_53,14
EL LIMON,EL_54,14
MAGDALENA,MA_55,14
SANTA MARIA DEL ORO,SA_56,14
LA MANZANILLA DE LA PAZ,LA_57,14
MASCOTA,MA_58,14
MAZAMITLA,MA_59,14
MEXTICACAN,ME_60,14
MEZQUITIC,ME_61,14
MIXTLAN,MI_62,14
OCOTLAN,OC_63,14
OJUELOS DE JALISCO,OJ_64,14
PIHUAMO,PI_65,14
PONCITLAN,PO_66,14
PUERTO VALLARTA,PU_67,14
VILLA PURIFICACION,VI_68,14
QUITUPAN,QU_69,14
EL SALTO,EL_70,14
SAN CRISTOBAL DE LA BARRANCA,SA_71,14
SAN DIEGO DE ALEJANDRIA,SA_72,14
SAN JUAN DE LOS LAGOS,SA_73,14
SAN JULIAN,SA_74,14
SAN MARCOS,SA_75,14
SAN MARTIN DE BOLAÑOS,SA_76,14
SAN MARTIN HIDALGO,SA_77,14
SAN MIGUEL EL ALTO,SA_78,14
GOMEZ FARIAS,GO_79,14
SAN SEBASTIAN DEL OESTE,SA_80,14
SANTA MARIA DE LOS ANGELES,SA_81,14
SAYULA,SA_82,14
TALA,TA_83,14
TALPA DE ALLENDE,TA_84,14
TAMAZULA DE GORDIANO,TA_85,14
TAPALPA,TA_86,14
TECALITLAN,TE_87,14
TECOLOTLAN,TE_88,14
TECHALUTA DE MONTENEGRO,TE_89,14
TENAMAXTLAN,TE_90,14
TEOCALTICHE,TE_91,14
TEOCUITATLAN DE CORONA,TE_92,14
TEPATITLAN DE MORELOS,TE_93,14
TEQUILA,TE_94,14
TEUCHITLAN,TE_95,14
TIZAPAN EL ALTO,TI_96,14
TLAJOMULCO DE ZUÑIGA,TL_97,14
SAN PEDRO TLAQUEPAQUE,SA_98,14
TOLIMAN,TO_99,14
TOMATLAN,TO_00,14
TONALA,TO_01,14
TONAYA,TO_02,14
TONILA,TO_03,14
TOTATICHE,TO_04,14
TOTOTLAN,TO_05,14
TUXCACUESCO,TU_06,14
TUXCUECA,TU_07,14
TUXPAN,TU_08,14
UNION DE SAN ANTONIO,UN_09,14
UNION DE TULA,UN_10,14
VALLE DE GUADALUPE,VA_11,14
VALLE DE JUAREZ,VA_12,14
SAN GABRIEL,SA_13,14
VILLA CORONA,VI_14,14
VILLA GUERRERO,VI_15,14
VILLA HIDALGO,VI_16,14
CAÑADAS DE OBREGON,CA_17,14
YAHUALICA DE GONZALEZ GALLO,YA_18,14
ZACOALCO DE TORRES,ZA_19,14
ZAPOPAN,ZA_20,14
ZAPOTILTIC,ZA_21,14
ZAPOTITLAN DE VADILLO,ZA_22,14
ZAPOTLAN DEL REY,ZA_23,14
ZAPOTLANEJO,ZA_24,14
SAN IGNACIO CERRO GORDO,SA_25,14
NO ESPECIFICADO,NO_99,14
ACAMBAY DE RUIZ CASTAÑEDA,AC_01,15
ACOLMAN,AC_02,15
ACULCO,AC_03,15
ALMOLOYA DE ALQUISIRAS,AL_04,15
ALMOLOYA DE JUAREZ,AL_05,15
ALMOLOYA DEL RIO,AL_06,15
AMANALCO,AM_07,15
AMATEPEC,AM_08,15
AMECAMECA,AM_09,15
APAXCO,AP_10,15
ATENCO,AT_11,15
ATIZAPAN,AT_12,15
ATIZAPAN DE ZARAGOZA,AT_13,15
ATLACOMULCO,AT_14,15
ATLAUTLA,AT_15,15
AXAPUSCO,AX_16,15
AYAPANGO,AY_17,15
CALIMAYA,CA_18,15
CAPULHUAC,CA_19,15
COACALCO DE BERRIOZABAL,CO_20,15
COATEPEC HARINAS,CO_21,15
COCOTITLAN,CO_22,15
COYOTEPEC,CO_23,15
CUAUTITLAN,CU_24,15
CHALCO,CH_25,15
CHAPA DE MOTA,CH_26,15
CHAPULTEPEC,CH_27,15
CHIAUTLA,CH_28,15
CHICOLOAPAN,CH_29,15
CHICONCUAC,CH_30,15
CHIMALHUACAN,CH_31,15
DONATO GUERRA,DO_32,15
ECATEPEC DE MORELOS,EC_33,15
ECATZINGO,EC_34,15
HUEHUETOCA,HU_35,15
HUEYPOXTLA,HU_36,15
HUIXQUILUCAN,HU_37,15
ISIDRO FABELA,IS_38,15
IXTAPALUCA,IX_39,15
IXTAPAN DE LA SAL,IX_40,15
IXTAPAN DEL ORO,IX_41,15
IXTLAHUACA,IX_42,15
XALATLACO,XA_43,15
JALTENCO,JA_44,15
JILOTEPEC,JI_45,15
JILOTZINGO,JI_46,15
JIQUIPILCO,JI_47,15
JOCOTITLAN,JO_48,15
JOQUICINGO,JO_49,15
JUCHITEPEC,JU_50,15
LERMA,LE_51,15
MALINALCO,MA_52,15
MELCHOR OCAMPO,ME_53,15
METEPEC,ME_54,15
MEXICALTZINGO,ME_55,15
MORELOS,MO_56,15
NAUCALPAN DE JUAREZ,NA_57,15
NEZAHUALCOYOTL,NE_58,15
NEXTLALPAN,NE_59,15
NICOLAS ROMERO,NI_60,15
NOPALTEPEC,NO_61,15
OCOYOACAC,OC_62,15
OCUILAN,OC_63,15
EL ORO,EL_64,15
OTUMBA,OT_65,15
OTZOLOAPAN,OT_66,15
OTZOLOTEPEC,OT_67,15
OZUMBA,OZ_68,15
PAPALOTLA,PA_69,15
LA PAZ,LA_70,15
POLOTITLAN,PO_71,15
RAYON,RA_72,15
SAN ANTONIO LA ISLA,SA_73,15
SAN FELIPE DEL PROGRESO,SA_74,15
SAN MARTIN DE LAS PIRAMIDES,SA_75,15
SAN MATEO ATENCO,SA_76,15
SAN SIMON DE GUERRERO,SA_77,15
SANTO TOMAS,SA_78,15
SOYANIQUILPAN DE JUAREZ,SO_79,15
SULTEPEC,SU_80,15
TECAMAC,TE_81,15
TEJUPILCO,TE_82,15
TEMAMATLA,TE_83,15
TEMASCALAPA,TE_84,15
TEMASCALCINGO,TE_85,15
TEMASCALTEPEC,TE_86,15
TEMOAYA,TE_87,15
TENANCINGO,TE_88,15
TENANGO DEL AIRE,TE_89,15
TENANGO DEL VALLE,TE_90,15
TEOLOYUCAN,TE_91,15
TEOTIHUACAN,TE_92,15
TEPETLAOXTOC,TE_93,15
TEPETLIXPA,TE_94,15
TEPOTZOTLAN,TE_95,15
TEQUIXQUIAC,TE_96,15
TEXCALTITLAN,TE_97,15
TEXCALYACAC,TE_98,15
TEXCOCO,TE_99,15
TEZOYUCA,TE_00,15
TIANGUISTENCO,TI_01,15
TIMILPAN,TI_02,15
TLALMANALCO,TL_03,15
TLALNEPANTLA DE BAZ,TL_04,15
TLATLAYA,TL_05,15
TOLUCA,TO_06,15
TONATICO,TO_07,15
TULTEPEC,TU_08,15
TULTITLAN,TU_09,15
VALLE DE BRAVO,VA_10,15
VILLA DE ALLENDE,VI_11,15
VILLA DEL CARBON,VI_12,15
VILLA GUERRERO,VI_13,15
VILLA VICTORIA,VI_14,15
XONACATLAN,XO_15,15
ZACAZONAPAN,ZA_16,15
ZACUALPAN,ZA_17,15
ZINACANTEPEC,ZI_18,15
ZUMPAHUACAN,ZU_19,15
ZUMPANGO,ZU_20,15
CUAUTITLAN IZCALLI,CU_21,15
VALLE DE CHALCO SOLIDARIDAD,VA_22,15
LUVIANOS,LU_23,15
SAN JOSE DEL RINCON,SA_24,15
TONANITLA,TO_25,15
NO ESPECIFICADO,NO_99,15
ACUITZIO,AC_01,16
AGUILILLA,AG_02,16
ALVARO OBREGON,AL_03,16
ANGAMACUTIRO,AN_04,16
ANGANGUEO,AN_05,16
APATZINGAN,AP_06,16
APORO,AP_07,16
AQUILA,AQ_08,16
ARIO,AR_09,16
ARTEAGA,AR_10,16
BRISEÑAS,BR_11,16
BUENAVISTA,BU_12,16
CARACUARO,CA_13,16
COAHUAYANA,CO_14,16
COALCOMAN DE VAZQUEZ PALLARES,CO_15,16
COENEO,CO_16,16
CONTEPEC,CO_17,16
COPANDARO,CO_18,16
COTIJA,CO_19,16
CUITZEO,CU_20,16
CHARAPAN,CH_21,16
CHARO,CH_22,16
CHAVINDA,CH_23,16
CHERAN,CH_24,16
CHILCHOTA,CH_25,16
CHINICUILA,CH_26,16
CHUCANDIRO,CH_27,16
CHURINTZIO,CH_28,16
CHURUMUCO,CH_29,16
ECUANDUREO,EC_30,16
EPITACIO HUERTA,EP_31,16
ERONGARICUARO,ER_32,16
GABRIEL ZAMORA,GA_33,16
HIDALGO,HI_34,16
LA HUACANA,LA_35,16
HUANDACAREO,HU_36,16
HUANIQUEO,HU_37,16
HUETAMO,HU_38,16
HUIRAMBA,HU_39,16
INDAPARAPEO,IN_40,16
IRIMBO,IR_41,16
IXTLAN,IX_42,16
JACONA,JA_43,16
JIMENEZ,JI_44,16
JIQUILPAN,JI_45,16
JUAREZ,JU_46,16
JUNGAPEO,JU_47,16
LAGUNILLAS,LA_48,16
MADERO,MA_49,16
MARAVATIO,MA_50,16
MARCOS CASTELLANOS,MA_51,16
LAZARO CARDENAS,LA_52,16
MORELIA,MO_53,16
MORELOS,MO_54,16
MUGICA,MU_55,16
NAHUATZEN,NA_56,16
NOCUPETARO,NO_57,16
NUEVO PARANGARICUTIRO,NU_58,16
NUEVO URECHO,NU_59,16
NUMARAN,NU_60,16
OCAMPO,OC_61,16
PAJACUARAN,PA_62,16
PANINDICUARO,PA_63,16
PARACUARO,PA_64,16
PARACHO,PA_65,16
PATZCUARO,PA_66,16
PENJAMILLO,PE_67,16
PERIBAN,PE_68,16
LA PIEDAD,LA_69,16
PUREPERO,PU_70,16
PURUANDIRO,PU_71,16
QUERENDARO,QU_72,16
QUIROGA,QU_73,16
COJUMATLAN DE REGULES,CO_74,16
LOS REYES,LO_75,16
SAHUAYO,SA_76,16
SAN LUCAS,SA_77,16
SANTA ANA MAYA,SA_78,16
SALVADOR ESCALANTE,SA_79,16
SENGUIO,SE_80,16
SUSUPUATO,SU_81,16
TACAMBARO,TA_82,16
TANCITARO,TA_83,16
TANGAMANDAPIO,TA_84,16
TANGANCICUARO,TA_85,16
TANHUATO,TA_86,16
TARETAN,TA_87,16
TARIMBARO,TA_88,16
TEPALCATEPEC,TE_89,16
TINGAMBATO,TI_90,16
TINGÜINDIN,TI_91,16
TIQUICHEO DE NICOLAS ROMERO,TI_92,16
TLALPUJAHUA,TL_93,16
TLAZAZALCA,TL_94,16
TOCUMBO,TO_95,16
TUMBISCATIO,TU_96,16
TURICATO,TU_97,16
TUXPAN,TU_98,16
TUZANTLA,TU_99,16
TZINTZUNTZAN,TZ_00,16
TZITZIO,TZ_01,16
URUAPAN,UR_02,16
VENUSTIANO CARRANZA,VE_03,16
VILLAMAR,VI_04,16
VISTA HERMOSA,VI_05,16
YURECUARO,YU_06,16
ZACAPU,ZA_07,16
ZAMORA,ZA_08,16
ZINAPARO,ZI_09,16
ZINAPECUARO,ZI_10,16
ZIRACUARETIRO,ZI_11,16
ZITACUARO,ZI_12,16
JOSE SIXTO VERDUZCO,JO_13,16
NO ESPECIFICADO,NO_99,16
AMACUZAC,AM_01,17
ATLATLAHUCAN,AT_02,17
AXOCHIAPAN,AX_03,17
AYALA,AY_04,17
COATLAN DEL RIO,CO_05,17
CUAUTLA,CU_06,17
CUERNAVACA,CU_07,17
EMILIANO ZAPATA,EM_08,17
HUITZILAC,HU_09,17
JANTETELCO,JA_10,17
JIUTEPEC,JI_11,17
JOJUTLA,JO_12,17
JONACATEPEC DE LEANDRO VALLE,JO_13,17
MAZATEPEC,MA_14,17
MIACATLAN,MI_15,17
OCUITUCO,OC_16,17
PUENTE DE IXTLA,PU_17,17
TEMIXCO,TE_18,17
TEPALCINGO,TE_19,17
TEPOZTLAN,TE_20,17
TETECALA,TE_21,17
TETELA DEL VOLCAN,TE_22,17
TLALNEPANTLA,TL_23,17
TLALTIZAPAN DE ZAPATA,TL_24,17
TLAQUILTENANGO,TL_25,17
TLAYACAPAN,TL_26,17
TOTOLAPAN,TO_27,17
XOCHITEPEC,XO_28,17
YAUTEPEC,YA_29,17
YECAPIXTLA,YE_30,17
ZACATEPEC,ZA_31,17
ZACUALPAN DE AMILPAS,ZA_32,17
TEMOAC,TE_33,17
COATETELCO,CO_34,17
XOXOCOTLA,XO_35,17
HUEYAPAN,HU_36,17
NO ESPECIFICADO,NO_99,17
ACAPONETA,AC_01,18
AHUACATLAN,AH_02,18
AMATLAN DE CAÑAS,AM_03,18
COMPOSTELA,CO_04,18
HUAJICORI,HU_05,18
IXTLAN DEL RIO,IX_06,18
JALA,JA_07,18
XALISCO,XA_08,18
DEL NAYAR,DE_09,18
ROSAMORADA,RO_10,18
RUIZ,RU_11,18
SAN BLAS,SA_12,18
SAN PEDRO LAGUNILLAS,SA_13,18
SANTA MARIA DEL ORO,SA_14,18
SANTIAGO IXCUINTLA,SA_15,18
TECUALA,TE_16,18
TEPIC,TE_17,18
TUXPAN,TU_18,18
LA YESCA,LA_19,18
BAHIA DE BANDERAS,BA_20,18
NO ESPECIFICADO,NO_99,18
ABASOLO,AB_01,19
AGUALEGUAS,AG_02,19
LOS ALDAMAS,LO_03,19
ALLENDE,AL_04,19
ANAHUAC,AN_05,19
APODACA,AP_06,19
ARAMBERRI,AR_07,19
BUSTAMANTE,BU_08,19
CADEREYTA JIMENEZ,CA_09,19
EL CARMEN,EL_10,19
CERRALVO,CE_11,19
CIENEGA DE FLORES,CI_12,19
CHINA,CH_13,19
DOCTOR ARROYO,DO_14,19
DOCTOR COSS,DO_15,19
DOCTOR GONZALEZ,DO_16,19
GALEANA,GA_17,19
GARCIA,GA_18,19
SAN PEDRO GARZA GARCIA,SA_19,19
GENERAL BRAVO,GE_20,19
GENERAL ESCOBEDO,GE_21,19
GENERAL TERAN,GE_22,19
GENERAL TREVIÑO,GE_23,19
GENERAL ZARAGOZA,GE_24,19
GENERAL ZUAZUA,GE_25,19
GUADALUPE,GU_26,19
LOS HERRERAS,LO_27,19
HIGUERAS,HI_28,19
HUALAHUISES,HU_29,19
ITURBIDE,IT_30,19
JUAREZ,JU_31,19
LAMPAZOS DE NARANJO,LA_32,19
LINARES,LI_33,19
MARIN,MA_34,19
MELCHOR OCAMPO,ME_35,19
MIER Y NORIEGA,MI_36,19
MINA,MI_37,19
MONTEMORELOS,MO_38,19
MONTERREY,MO_39,19
PARAS,PA_40,19
PESQUERIA,PE_41,19
LOS RAMONES,LO_42,19
RAYONES,RA_43,19
SABINAS HIDALGO,SA_44,19
SALINAS VICTORIA,SA_45,19
SAN NICOLAS DE LOS GARZA,SA_46,19
HIDALGO,HI_47,19
SANTA CATARINA,SA_48,19
SANTIAGO,SA_49,19
VALLECILLO,VA_50,19
VILLALDAMA,VI_51,19
NO ESPECIFICADO,NO_99,19
ABEJONES,AB_1,20
ACATLAN DE PEREZ FIGUEROA,AC_2,20
ASUNCION CACALOTEPEC,AS_3,20
ASUNCION CUYOTEPEJI,AS_4,20
ASUNCION IXTALTEPEC,AS_5,20
ASUNCION NOCHIXTLAN,AS_6,20
ASUNCION OCOTLAN,AS_7,20
ASUNCION TLACOLULITA,AS_8,20
AYOTZINTEPEC,AY_9,20
EL BARRIO DE LA SOLEDAD,EL_10,20
CALIHUALA,CA_11,20
CANDELARIA LOXICHA,CA_12,20
CIENEGA DE ZIMATLAN,CI_13,20
CIUDAD IXTEPEC,CI_14,20
COATECAS ALTAS,CO_15,20
COICOYAN DE LAS FLORES,CO_16,20
LA COMPAÑIA,LA_17,20
CONCEPCION BUENAVISTA,CO_18,20
CONCEPCION PAPALO,CO_19,20
CONSTANCIA DEL ROSARIO,CO_20,20
COSOLAPA,CO_21,20
COSOLTEPEC,CO_22,20
CUILAPAM DE GUERRERO,CU_23,20
CUYAMECALCO VILLA DE ZARAGOZA,CU_24,20
CHAHUITES,CH_25,20
CHALCATONGO DE HIDALGO,CH_26,20
CHIQUIHUITLAN DE BENITO JUAREZ,CH_27,20
HEROICA CIUDAD DE EJUTLA DE CRESPO,HE_28,20
ELOXOCHITLAN DE FLORES MAGON,EL_29,20
EL ESPINAL,EL_30,20
TAMAZULAPAM DEL ESPIRITU SANTO,TA_31,20
FRESNILLO DE TRUJANO,FR_32,20
GUADALUPE ETLA,GU_33,20
GUADALUPE DE RAMIREZ,GU_34,20
GUELATAO DE JUAREZ,GU_35,20
GUEVEA DE HUMBOLDT,GU_36,20
MESONES HIDALGO,ME_37,20
VILLA HIDALGO,VI_38,20
HEROICA CIUDAD DE HUAJUAPAN DE LEON,HE_39,20
HUAUTEPEC,HU_40,20
HUAUTLA DE JIMENEZ,HU_41,20
IXTLAN DE JUAREZ,IX_42,20
JUCHITAN DE ZARAGOZA,JU_43,20
LOMA BONITA,LO_44,20
MAGDALENA APASCO,MA_45,20
MAGDALENA JALTEPEC,MA_46,20
SANTA MAGDALENA JICOTLAN,SA_47,20
MAGDALENA MIXTEPEC,MA_48,20
MAGDALENA OCOTLAN,MA_49,20
MAGDALENA PEÑASCO,MA_50,20
MAGDALENA TEITIPAC,MA_51,20
MAGDALENA TEQUISISTLAN,MA_52,20
MAGDALENA TLACOTEPEC,MA_53,20
MAGDALENA ZAHUATLAN,MA_54,20
MARISCALA DE JUAREZ,MA_55,20
MARTIRES DE TACUBAYA,MA_56,20
MATIAS ROMERO AVENDAÑO,MA_57,20
MAZATLAN VILLA DE FLORES,MA_58,20
MIAHUATLAN DE PORFIRIO DIAZ,MI_59,20
MIXISTLAN DE LA REFORMA,MI_60,20
MONJAS,MO_61,20
NATIVIDAD,NA_62,20
NAZARENO ETLA,NA_63,20
NEJAPA DE MADERO,NE_64,20
IXPANTEPEC NIEVES,IX_65,20
SANTIAGO NILTEPEC,SA_66,20
OAXACA DE JUAREZ,OA_67,20
OCOTLAN DE MORELOS,OC_68,20
LA PE,LA_69,20
PINOTEPA DE DON LUIS,PI_70,20
PLUMA HIDALGO,PL_71,20
SAN JOSE DEL PROGRESO,SA_72,20
PUTLA VILLA DE GUERRERO,PU_73,20
SANTA CATARINA QUIOQUITANI,SA_74,20
REFORMA DE PINEDA,RE_75,20
LA REFORMA,LA_76,20
REYES ETLA,RE_77,20
ROJAS DE CUAUHTEMOC,RO_78,20
SALINA CRUZ,SA_79,20
SAN AGUSTIN AMATENGO,SA_80,20
SAN AGUSTIN ATENANGO,SA_81,20
SAN AGUSTIN CHAYUCO,SA_82,20
SAN AGUSTIN DE LAS JUNTAS,SA_83,20
SAN AGUSTIN ETLA,SA_84,20
SAN AGUSTIN LOXICHA,SA_85,20
SAN AGUSTIN TLACOTEPEC,SA_86,20
SAN AGUSTIN YATARENI,SA_87,20
SAN ANDRES CABECERA NUEVA,SA_88,20
SAN ANDRES DINICUITI,SA_89,20
SAN ANDRES HUAXPALTEPEC,SA_90,20
SAN ANDRES HUAYAPAM,SA_91,20
SAN ANDRES IXTLAHUACA,SA_92,20
SAN ANDRES LAGUNAS,SA_93,20
SAN ANDRES NUXIÑO,SA_94,20
SAN ANDRES PAXTLAN,SA_95,20
SAN ANDRES SINAXTLA,SA_96,20
SAN ANDRES SOLAGA,SA_97,20
SAN ANDRES TEOTILALPAM,SA_98,20
SAN ANDRES TEPETLAPA,SA_99,20
SAN ANDRES YAA,SA_00,20
SAN ANDRES ZABACHE,SA_01,20
SAN ANDRES ZAUTLA,SA_02,20
SAN ANTONINO CASTILLO VELASCO,SA_03,20
SAN ANTONINO EL ALTO,SA_04,20
SAN ANTONINO MONTE VERDE,SA_05,20
SAN ANTONIO ACUTLA,SA_06,20
SAN ANTONIO DE LA CAL,SA_07,20
SAN ANTONIO HUITEPEC,SA_08,20
SAN ANTONIO NANAHUATIPAM,SA_09,20
SAN ANTONIO SINICAHUA,SA_10,20
SAN ANTONIO TEPETLAPA,SA_11,20
SAN BALTAZAR CHICHICAPAM,SA_12,20
SAN BALTAZAR LOXICHA,SA_13,20
SAN BALTAZAR YATZACHI EL BAJO,SA_14,20
SAN BARTOLO COYOTEPEC,SA_15,20
SAN BARTOLOME AYAUTLA,SA_16,20
SAN BARTOLOME LOXICHA,SA_17,20
SAN BARTOLOME QUIALANA,SA_18,20
SAN BARTOLOME YUCUAÑE,SA_19,20
SAN BARTOLOME ZOOGOCHO,SA_20,20
SAN BARTOLO SOYALTEPEC,SA_21,20
SAN BARTOLO YAUTEPEC,SA_22,20
SAN BERNARDO MIXTEPEC,SA_23,20
SAN BLAS ATEMPA,SA_24,20
SAN CARLOS YAUTEPEC,SA_25,20
SAN CRISTOBAL AMATLAN,SA_26,20
SAN CRISTOBAL AMOLTEPEC,SA_27,20
SAN CRISTOBAL LACHIRIOAG,SA_28,20
SAN CRISTOBAL SUCHIXTLAHUACA,SA_29,20
SAN DIONISIO DEL MAR,SA_30,20
SAN DIONISIO OCOTEPEC,SA_31,20
SAN DIONISIO OCOTLAN,SA_32,20
SAN ESTEBAN ATATLAHUCA,SA_33,20
SAN FELIPE JALAPA DE DIAZ,SA_34,20
SAN FELIPE TEJALAPAM,SA_35,20
SAN FELIPE USILA,SA_36,20
SAN FRANCISCO CAHUACUA,SA_37,20
SAN FRANCISCO CAJONOS,SA_38,20
SAN FRANCISCO CHAPULAPA,SA_39,20
SAN FRANCISCO CHINDUA,SA_40,20
SAN FRANCISCO DEL MAR,SA_41,20
SAN FRANCISCO HUEHUETLAN,SA_42,20
SAN FRANCISCO IXHUATAN,SA_43,20
SAN FRANCISCO JALTEPETONGO,SA_44,20
SAN FRANCISCO LACHIGOLO,SA_45,20
SAN FRANCISCO LOGUECHE,SA_46,20
SAN FRANCISCO NUXAÑO,SA_47,20
SAN FRANCISCO OZOLOTEPEC,SA_48,20
SAN FRANCISCO SOLA,SA_49,20
SAN FRANCISCO TELIXTLAHUACA,SA_50,20
SAN FRANCISCO TEOPAN,SA_51,20
SAN FRANCISCO TLAPANCINGO,SA_52,20
SAN GABRIEL MIXTEPEC,SA_53,20
SAN ILDEFONSO AMATLAN,SA_54,20
SAN ILDEFONSO SOLA,SA_55,20
SAN ILDEFONSO VILLA ALTA,SA_56,20
SAN JACINTO AMILPAS,SA_57,20
SAN JACINTO TLACOTEPEC,SA_58,20
SAN JERONIMO COATLAN,SA_59,20
SAN JERONIMO SILACAYOAPILLA,SA_60,20
SAN JERONIMO SOSOLA,SA_61,20
SAN JERONIMO TAVICHE,SA_62,20
SAN JERONIMO TECOATL,SA_63,20
SAN JORGE NUCHITA,SA_64,20
SAN JOSE AYUQUILA,SA_65,20
SAN JOSE CHILTEPEC,SA_66,20
SAN JOSE DEL PEÑASCO,SA_67,20
SAN JOSE ESTANCIA GRANDE,SA_68,20
SAN JOSE INDEPENDENCIA,SA_69,20
SAN JOSE LACHIGUIRI,SA_70,20
SAN JOSE TENANGO,SA_71,20
SAN JUAN ACHIUTLA,SA_72,20
SAN JUAN ATEPEC,SA_73,20
ANIMAS TRUJANO,AN_74,20
SAN JUAN BAUTISTA ATATLAHUCA,SA_75,20
SAN JUAN BAUTISTA COIXTLAHUACA,SA_76,20
SAN JUAN BAUTISTA CUICATLAN,SA_77,20
SAN JUAN BAUTISTA GUELACHE,SA_78,20
SAN JUAN BAUTISTA JAYACATLAN,SA_79,20
SAN JUAN BAUTISTA LO DE SOTO,SA_80,20
SAN JUAN BAUTISTA SUCHITEPEC,SA_81,20
SAN JUAN BAUTISTA TLACOATZINTEPEC,SA_82,20
SAN JUAN BAUTISTA TLACHICHILCO,SA_83,20
SAN JUAN BAUTISTA TUXTEPEC,SA_84,20
SAN JUAN CACAHUATEPEC,SA_85,20
SAN JUAN CIENEGUILLA,SA_86,20
SAN JUAN COATZOSPAM,SA_87,20
SAN JUAN COLORADO,SA_88,20
SAN JUAN COMALTEPEC,SA_89,20
SAN JUAN COTZOCON,SA_90,20
SAN JUAN CHICOMEZUCHIL,SA_91,20
SAN JUAN CHILATECA,SA_92,20
SAN JUAN DEL ESTADO,SA_93,20
SAN JUAN DEL RIO,SA_94,20
SAN JUAN DIUXI,SA_95,20
SAN JUAN EVANGELISTA ANALCO,SA_96,20
SAN JUAN GUELAVIA,SA_97,20
SAN JUAN GUICHICOVI,SA_98,20
SAN JUAN IHUALTEPEC,SA_99,20
SAN JUAN JUQUILA MIXES,SA_00,20
SAN JUAN JUQUILA VIJANOS,SA_01,20
SAN JUAN LACHAO,SA_02,20
SAN JUAN LACHIGALLA,SA_03,20
SAN JUAN LAJARCIA,SA_04,20
SAN JUAN LALANA,SA_05,20
SAN JUAN DE LOS CUES,SA_06,20
SAN JUAN MAZATLAN,SA_07,20
SAN JUAN MIXTEPEC,SA_08,20
SAN JUAN MIXTEPEC,SA_09,20
SAN JUAN ÑUMI,SA_10,20
SAN JUAN OZOLOTEPEC,SA_11,20
SAN JUAN PETLAPA,SA_12,20
SAN JUAN QUIAHIJE,SA_13,20
SAN JUAN QUIOTEPEC,SA_14,20
SAN JUAN SAYULTEPEC,SA_15,20
SAN JUAN TABAA,SA_16,20
SAN JUAN TAMAZOLA,SA_17,20
SAN JUAN TEITA,SA_18,20
SAN JUAN TEITIPAC,SA_19,20
SAN JUAN TEPEUXILA,SA_20,20
SAN JUAN TEPOSCOLULA,SA_21,20
SAN JUAN YAEE,SA_22,20
SAN JUAN YATZONA,SA_23,20
SAN JUAN YUCUITA,SA_24,20
SAN LORENZO,SA_25,20
SAN LORENZO ALBARRADAS,SA_26,20
SAN LORENZO CACAOTEPEC,SA_27,20
SAN LORENZO CUAUNECUILTITLA,SA_28,20
SAN LORENZO TEXMELUCAN,SA_29,20
SAN LORENZO VICTORIA,SA_30,20
SAN LUCAS CAMOTLAN,SA_31,20
SAN LUCAS OJITLAN,SA_32,20
SAN LUCAS QUIAVINI,SA_33,20
SAN LUCAS ZOQUIAPAM,SA_34,20
SAN LUIS AMATLAN,SA_35,20
SAN MARCIAL OZOLOTEPEC,SA_36,20
SAN MARCOS ARTEAGA,SA_37,20
SAN MARTIN DE LOS CANSECOS,SA_38,20
SAN MARTIN HUAMELULPAM,SA_39,20
SAN MARTIN ITUNYOSO,SA_40,20
SAN MARTIN LACHILA,SA_41,20
SAN MARTIN PERAS,SA_42,20
SAN MARTIN TILCAJETE,SA_43,20
SAN MARTIN TOXPALAN,SA_44,20
SAN MARTIN ZACATEPEC,SA_45,20
SAN MATEO CAJONOS,SA_46,20
CAPULALPAM DE MENDEZ,CA_47,20
SAN MATEO DEL MAR,SA_48,20
SAN MATEO YOLOXOCHITLAN,SA_49,20
SAN MATEO ETLATONGO,SA_50,20
SAN MATEO NEJAPAM,SA_51,20
SAN MATEO PEÑASCO,SA_52,20
SAN MATEO PIÑAS,SA_53,20
SAN MATEO RIO HONDO,SA_54,20
SAN MATEO SINDIHUI,SA_55,20
SAN MATEO TLAPILTEPEC,SA_56,20
SAN MELCHOR BETAZA,SA_57,20
SAN MIGUEL ACHIUTLA,SA_58,20
SAN MIGUEL AHUEHUETITLAN,SA_59,20
SAN MIGUEL ALOAPAM,SA_60,20
SAN MIGUEL AMATITLAN,SA_61,20
SAN MIGUEL AMATLAN,SA_62,20
SAN MIGUEL COATLAN,SA_63,20
SAN MIGUEL CHICAHUA,SA_64,20
SAN MIGUEL CHIMALAPA,SA_65,20
SAN MIGUEL DEL PUERTO,SA_66,20
SAN MIGUEL DEL RIO,SA_67,20
SAN MIGUEL EJUTLA,SA_68,20
SAN MIGUEL EL GRANDE,SA_69,20
SAN MIGUEL HUAUTLA,SA_70,20
SAN MIGUEL MIXTEPEC,SA_71,20
SAN MIGUEL PANIXTLAHUACA,SA_72,20
SAN MIGUEL PERAS,SA_73,20
SAN MIGUEL PIEDRAS,SA_74,20
SAN MIGUEL QUETZALTEPEC,SA_75,20
SAN MIGUEL SANTA FLOR,SA_76,20
VILLA SOLA DE VEGA,VI_77,20
SAN MIGUEL SOYALTEPEC,SA_78,20
SAN MIGUEL SUCHIXTEPEC,SA_79,20
VILLA TALEA DE CASTRO,VI_80,20
SAN MIGUEL TECOMATLAN,SA_81,20
SAN MIGUEL TENANGO,SA_82,20
SAN MIGUEL TEQUIXTEPEC,SA_83,20
SAN MIGUEL TILQUIAPAM,SA_84,20
SAN MIGUEL TLACAMAMA,SA_85,20
SAN MIGUEL TLACOTEPEC,SA_86,20
SAN MIGUEL TULANCINGO,SA_87,20
SAN MIGUEL YOTAO,SA_88,20
SAN NICOLAS,SA_89,20
SAN NICOLAS HIDALGO,SA_90,20
SAN PABLO COATLAN,SA_91,20
SAN PABLO CUATRO VENADOS,SA_92,20
SAN PABLO ETLA,SA_93,20
SAN PABLO HUITZO,SA_94,20
SAN PABLO HUIXTEPEC,SA_95,20
SAN PABLO MACUILTIANGUIS,SA_96,20
SAN PABLO TIJALTEPEC,SA_97,20
SAN PABLO VILLA DE MITLA,SA_98,20
SAN PABLO YAGANIZA,SA_99,20
SAN PEDRO AMUZGOS,SA_00,20
SAN PEDRO APOSTOL,SA_01,20
SAN PEDRO ATOYAC,SA_02,20
SAN PEDRO CAJONOS,SA_03,20
SAN PEDRO COXCALTEPEC CANTAROS,SA_04,20
SAN PEDRO COMITANCILLO,SA_05,20
SAN PEDRO EL ALTO,SA_06,20
SAN PEDRO HUAMELULA,SA_07,20
SAN PEDRO HUILOTEPEC,SA_08,20
SAN PEDRO IXCATLAN,SA_09,20
SAN PEDRO IXTLAHUACA,SA_10,20
SAN PEDRO JALTEPETONGO,SA_11,20
SAN PEDRO JICAYAN,SA_12,20
SAN PEDRO JOCOTIPAC,SA_13,20
SAN PEDRO JUCHATENGO,SA_14,20
SAN PEDRO MARTIR,SA_15,20
SAN PEDRO MARTIR QUIECHAPA,SA_16,20
SAN PEDRO MARTIR YUCUXACO,SA_17,20
SAN PEDRO MIXTEPEC,SA_18,20
SAN PEDRO MIXTEPEC,SA_19,20
SAN PEDRO MOLINOS,SA_20,20
SAN PEDRO NOPALA,SA_21,20
SAN PEDRO OCOPETATILLO,SA_22,20
SAN PEDRO OCOTEPEC,SA_23,20
SAN PEDRO POCHUTLA,SA_24,20
SAN PEDRO QUIATONI,SA_25,20
SAN PEDRO SOCHIAPAM,SA_26,20
SAN PEDRO TAPANATEPEC,SA_27,20
SAN PEDRO TAVICHE,SA_28,20
SAN PEDRO TEOZACOALCO,SA_29,20
SAN PEDRO TEUTILA,SA_30,20
SAN PEDRO TIDAA,SA_31,20
SAN PEDRO TOPILTEPEC,SA_32,20
SAN PEDRO TOTOLAPAM,SA_33,20
VILLA DE TUTUTEPEC,VI_34,20
SAN PEDRO YANERI,SA_35,20
SAN PEDRO YOLOX,SA_36,20
SAN PEDRO Y SAN PABLO AYUTLA,SA_37,20
VILLA DE ETLA,VI_38,20
SAN PEDRO Y SAN PABLO TEPOSCOLULA,SA_39,20
SAN PEDRO Y SAN PABLO TEQUIXTEPEC,SA_40,20
SAN PEDRO YUCUNAMA,SA_41,20
SAN RAYMUNDO JALPAN,SA_42,20
SAN SEBASTIAN ABASOLO,SA_43,20
SAN SEBASTIAN COATLAN,SA_44,20
SAN SEBASTIAN IXCAPA,SA_45,20
SAN SEBASTIAN NICANANDUTA,SA_46,20
SAN SEBASTIAN RIO HONDO,SA_47,20
SAN SEBASTIAN TECOMAXTLAHUACA,SA_48,20
SAN SEBASTIAN TEITIPAC,SA_49,20
SAN SEBASTIAN TUTLA,SA_50,20
SAN SIMON ALMOLONGAS,SA_51,20
SAN SIMON ZAHUATLAN,SA_52,20
SANTA ANA,SA_53,20
SANTA ANA ATEIXTLAHUACA,SA_54,20
SANTA ANA CUAUHTEMOC,SA_55,20
SANTA ANA DEL VALLE,SA_56,20
SANTA ANA TAVELA,SA_57,20
SANTA ANA TLAPACOYAN,SA_58,20
SANTA ANA YARENI,SA_59,20
SANTA ANA ZEGACHE,SA_60,20
SANTA CATALINA QUIERI,SA_61,20
SANTA CATARINA CUIXTLA,SA_62,20
SANTA CATARINA IXTEPEJI,SA_63,20
SANTA CATARINA JUQUILA,SA_64,20
SANTA CATARINA LACHATAO,SA_65,20
SANTA CATARINA LOXICHA,SA_66,20
SANTA CATARINA MECHOACAN,SA_67,20
SANTA CATARINA MINAS,SA_68,20
SANTA CATARINA QUIANE,SA_69,20
SANTA CATARINA TAYATA,SA_70,20
SANTA CATARINA TICUA,SA_71,20
SANTA CATARINA YOSONOTU,SA_72,20
SANTA CATARINA ZAPOQUILA,SA_73,20
SANTA CRUZ ACATEPEC,SA_74,20
SANTA CRUZ AMILPAS,SA_75,20
SANTA CRUZ DE BRAVO,SA_76,20
SANTA CRUZ ITUNDUJIA,SA_77,20
SANTA CRUZ MIXTEPEC,SA_78,20
SANTA CRUZ NUNDACO,SA_79,20
SANTA CRUZ PAPALUTLA,SA_80,20
SANTA CRUZ TACACHE DE MINA,SA_81,20
SANTA CRUZ TACAHUA,SA_82,20
SANTA CRUZ TAYATA,SA_83,20
SANTA CRUZ XITLA,SA_84,20
SANTA CRUZ XOXOCOTLAN,SA_85,20
SANTA CRUZ ZENZONTEPEC,SA_86,20
SANTA GERTRUDIS,SA_87,20
SANTA INES DEL MONTE,SA_88,20
SANTA INES YATZECHE,SA_89,20
SANTA LUCIA DEL CAMINO,SA_90,20
SANTA LUCIA MIAHUATLAN,SA_91,20
SANTA LUCIA MONTEVERDE,SA_92,20
SANTA LUCIA OCOTLAN,SA_93,20
SANTA MARIA ALOTEPEC,SA_94,20
SANTA MARIA APAZCO,SA_95,20
SANTA MARIA LA ASUNCION,SA_96,20
HEROICA CIUDAD DE TLAXIACO,HE_97,20
AYOQUEZCO DE ALDAMA,AY_98,20
SANTA MARIA ATZOMPA,SA_99,20
SANTA MARIA CAMOTLAN,SA_00,20
SANTA MARIA COLOTEPEC,SA_01,20
SANTA MARIA CORTIJO,SA_02,20
SANTA MARIA COYOTEPEC,SA_03,20
SANTA MARIA CHACHOAPAM,SA_04,20
VILLA DE CHILAPA DE DIAZ,VI_05,20
SANTA MARIA CHILCHOTLA,SA_06,20
SANTA MARIA CHIMALAPA,SA_07,20
SANTA MARIA DEL ROSARIO,SA_08,20
SANTA MARIA DEL TULE,SA_09,20
SANTA MARIA ECATEPEC,SA_10,20
SANTA MARIA GUELACE,SA_11,20
SANTA MARIA GUIENAGATI,SA_12,20
SANTA MARIA HUATULCO,SA_13,20
SANTA MARIA HUAZOLOTITLAN,SA_14,20
SANTA MARIA IPALAPA,SA_15,20
SANTA MARIA IXCATLAN,SA_16,20
SANTA MARIA JACATEPEC,SA_17,20
SANTA MARIA JALAPA DEL MARQUES,SA_18,20
SANTA MARIA JALTIANGUIS,SA_19,20
SANTA MARIA LACHIXIO,SA_20,20
SANTA MARIA MIXTEQUILLA,SA_21,20
SANTA MARIA NATIVITAS,SA_22,20
SANTA MARIA NDUAYACO,SA_23,20
SANTA MARIA OZOLOTEPEC,SA_24,20
SANTA MARIA PAPALO,SA_25,20
SANTA MARIA PEÑOLES,SA_26,20
SANTA MARIA PETAPA,SA_27,20
SANTA MARIA QUIEGOLANI,SA_28,20
SANTA MARIA SOLA,SA_29,20
SANTA MARIA TATALTEPEC,SA_30,20
SANTA MARIA TECOMAVACA,SA_31,20
SANTA MARIA TEMAXCALAPA,SA_32,20
SANTA MARIA TEMAXCALTEPEC,SA_33,20
SANTA MARIA TEOPOXCO,SA_34,20
SANTA MARIA TEPANTLALI,SA_35,20
SANTA MARIA TEXCATITLAN,SA_36,20
SANTA MARIA TLAHUITOLTEPEC,SA_37,20
SANTA MARIA TLALIXTAC,SA_38,20
SANTA MARIA TONAMECA,SA_39,20
SANTA MARIA TOTOLAPILLA,SA_40,20
SANTA MARIA XADANI,SA_41,20
SANTA MARIA YALINA,SA_42,20
SANTA MARIA YAVESIA,SA_43,20
SANTA MARIA YOLOTEPEC,SA_44,20
SANTA MARIA YOSOYUA,SA_45,20
SANTA MARIA YUCUHITI,SA_46,20
SANTA MARIA ZACATEPEC,SA_47,20
SANTA MARIA ZANIZA,SA_48,20
SANTA MARIA ZOQUITLAN,SA_49,20
SANTIAGO AMOLTEPEC,SA_50,20
SANTIAGO APOALA,SA_51,20
SANTIAGO APOSTOL,SA_52,20
SANTIAGO ASTATA,SA_53,20
SANTIAGO ATITLAN,SA_54,20
SANTIAGO AYUQUILILLA,SA_55,20
SANTIAGO CACALOXTEPEC,SA_56,20
SANTIAGO CAMOTLAN,SA_57,20
SANTIAGO COMALTEPEC,SA_58,20
VILLA DE SANTIAGO CHAZUMBA,VI_59,20
SANTIAGO CHOAPAM,SA_60,20
SANTIAGO DEL RIO,SA_61,20
SANTIAGO HUAJOLOTITLAN,SA_62,20
SANTIAGO HUAUCLILLA,SA_63,20
SANTIAGO IHUITLAN PLUMAS,SA_64,20
SANTIAGO IXCUINTEPEC,SA_65,20
SANTIAGO IXTAYUTLA,SA_66,20
SANTIAGO JAMILTEPEC,SA_67,20
SANTIAGO JOCOTEPEC,SA_68,20
SANTIAGO JUXTLAHUACA,SA_69,20
SANTIAGO LACHIGUIRI,SA_70,20
SANTIAGO LALOPA,SA_71,20
SANTIAGO LAOLLAGA,SA_72,20
SANTIAGO LAXOPA,SA_73,20
SANTIAGO LLANO GRANDE,SA_74,20
SANTIAGO MATATLAN,SA_75,20
SANTIAGO MILTEPEC,SA_76,20
SANTIAGO MINAS,SA_77,20
SANTIAGO NACALTEPEC,SA_78,20
SANTIAGO NEJAPILLA,SA_79,20
SANTIAGO NUNDICHE,SA_80,20
SANTIAGO NUYOO,SA_81,20
SANTIAGO PINOTEPA NACIONAL,SA_82,20
SANTIAGO SUCHILQUITONGO,SA_83,20
SANTIAGO TAMAZOLA,SA_84,20
SANTIAGO TAPEXTLA,SA_85,20
VILLA TEJUPAM DE LA UNION,VI_86,20
SANTIAGO TENANGO,SA_87,20
SANTIAGO TEPETLAPA,SA_88,20
SANTIAGO TETEPEC,SA_89,20
SANTIAGO TEXCALCINGO,SA_90,20
SANTIAGO TEXTITLAN,SA_91,20
SANTIAGO TILANTONGO,SA_92,20
SANTIAGO TILLO,SA_93,20
SANTIAGO TLAZOYALTEPEC,SA_94,20
SANTIAGO XANICA,SA_95,20
SANTIAGO XIACUI,SA_96,20
SANTIAGO YAITEPEC,SA_97,20
SANTIAGO YAVEO,SA_98,20
SANTIAGO YOLOMECATL,SA_99,20
SANTIAGO YOSONDUA,SA_00,20
SANTIAGO YUCUYACHI,SA_01,20
SANTIAGO ZACATEPEC,SA_02,20
SANTIAGO ZOOCHILA,SA_03,20
NUEVO ZOQUIAPAM,NU_04,20
SANTO DOMINGO INGENIO,SA_05,20
SANTO DOMINGO ALBARRADAS,SA_06,20
SANTO DOMINGO ARMENTA,SA_07,20
SANTO DOMINGO CHIHUITAN,SA_08,20
SANTO DOMINGO DE MORELOS,SA_09,20
SANTO DOMINGO IXCATLAN,SA_10,20
SANTO DOMINGO NUXAA,SA_11,20
SANTO DOMINGO OZOLOTEPEC,SA_12,20
SANTO DOMINGO PETAPA,SA_13,20
SANTO DOMINGO ROAYAGA,SA_14,20
SANTO DOMINGO TEHUANTEPEC,SA_15,20
SANTO DOMINGO TEOJOMULCO,SA_16,20
SANTO DOMINGO TEPUXTEPEC,SA_17,20
SANTO DOMINGO TLATAYAPAM,SA_18,20
SANTO DOMINGO TOMALTEPEC,SA_19,20
SANTO DOMINGO TONALA,SA_20,20
SANTO DOMINGO TONALTEPEC,SA_21,20
SANTO DOMINGO XAGACIA,SA_22,20
SANTO DOMINGO YANHUITLAN,SA_23,20
SANTO DOMINGO YODOHINO,SA_24,20
SANTO DOMINGO ZANATEPEC,SA_25,20
SANTOS REYES NOPALA,SA_26,20
SANTOS REYES PAPALO,SA_27,20
SANTOS REYES TEPEJILLO,SA_28,20
SANTOS REYES YUCUNA,SA_29,20
SANTO TOMAS JALIEZA,SA_30,20
SANTO TOMAS MAZALTEPEC,SA_31,20
SANTO TOMAS OCOTEPEC,SA_32,20
SANTO TOMAS TAMAZULAPAN,SA_33,20
SAN VICENTE COATLAN,SA_34,20
SAN VICENTE LACHIXIO,SA_35,20
SAN VICENTE NUÑU,SA_36,20
SILACAYOAPAM,SI_37,20
SITIO DE XITLAPEHUA,SI_38,20
SOLEDAD ETLA,SO_39,20
VILLA DE TAMAZULAPAM DEL PROGRESO,VI_40,20
TANETZE DE ZARAGOZA,TA_41,20
TANICHE,TA_42,20
TATALTEPEC DE VALDES,TA_43,20
TEOCOCUILCO DE MARCOS PEREZ,TE_44,20
TEOTITLAN DE FLORES MAGON,TE_45,20
TEOTITLAN DEL VALLE,TE_46,20
TEOTONGO,TE_47,20
TEPELMEME VILLA DE MORELOS,TE_48,20
"HEROICA VILLA TEZOATLAN DE SEGURA Y LUNA, CUNA DE LA INDEPENDENCIA DE OAXACA",HE_49,20
SAN JERONIMO TLACOCHAHUAYA,SA_50,20
TLACOLULA DE MATAMOROS,TL_51,20
TLACOTEPEC PLUMAS,TL_52,20
TLALIXTAC DE CABRERA,TL_53,20
TOTONTEPEC VILLA DE MORELOS,TO_54,20
TRINIDAD ZAACHILA,TR_55,20
LA TRINIDAD VISTA HERMOSA,LA_56,20
UNION HIDALGO,UN_57,20
VALERIO TRUJANO,VA_58,20
SAN JUAN BAUTISTA VALLE NACIONAL,SA_59,20
VILLA DIAZ ORDAZ,VI_60,20
YAXE,YA_61,20
MAGDALENA YODOCONO DE PORFIRIO DIAZ,MA_62,20
YOGANA,YO_63,20
YUTANDUCHI DE GUERRERO,YU_64,20
VILLA DE ZAACHILA,VI_65,20
SAN MATEO YUCUTINDOO,SA_66,20
ZAPOTITLAN LAGUNAS,ZA_67,20
ZAPOTITLAN PALMAS,ZA_68,20
SANTA INES DE ZARAGOZA,SA_69,20
ZIMATLAN DE ALVAREZ,ZI_70,20
NO ESPECIFICADO,NO_99,20
ACAJETE,AC_1,21
ACATENO,AC_2,21
ACATLAN,AC_3,21
ACATZINGO,AC_4,21
ACTEOPAN,AC_5,21
AHUACATLAN,AH_6,21
AHUATLAN,AH_7,21
AHUAZOTEPEC,AH_8,21
AHUEHUETITLA,AH_9,21
AJALPAN,AJ_10,21
ALBINO ZERTUCHE,AL_11,21
ALJOJUCA,AL_12,21
ALTEPEXI,AL_13,21
AMIXTLAN,AM_14,21
AMOZOC,AM_15,21
AQUIXTLA,AQ_16,21
ATEMPAN,AT_17,21
ATEXCAL,AT_18,21
ATLIXCO,AT_19,21
ATOYATEMPAN,AT_20,21
ATZALA,AT_21,21
ATZITZIHUACAN,AT_22,21
ATZITZINTLA,AT_23,21
AXUTLA,AX_24,21
AYOTOXCO DE GUERRERO,AY_25,21
CALPAN,CA_26,21
CALTEPEC,CA_27,21
CAMOCUAUTLA,CA_28,21
CAXHUACAN,CA_29,21
COATEPEC,CO_30,21
COATZINGO,CO_31,21
COHETZALA,CO_32,21
COHUECAN,CO_33,21
CORONANGO,CO_34,21
COXCATLAN,CO_35,21
COYOMEAPAN,CO_36,21
COYOTEPEC,CO_37,21
CUAPIAXTLA DE MADERO,CU_38,21
CUAUTEMPAN,CU_39,21
CUAUTINCHAN,CU_40,21
CUAUTLANCINGO,CU_41,21
CUAYUCA DE ANDRADE,CU_42,21
CUETZALAN DEL PROGRESO,CU_43,21
CUYOACO,CU_44,21
CHALCHICOMULA DE SESMA,CH_45,21
CHAPULCO,CH_46,21
CHIAUTLA,CH_47,21
CHIAUTZINGO,CH_48,21
CHICONCUAUTLA,CH_49,21
CHICHIQUILA,CH_50,21
CHIETLA,CH_51,21
CHIGMECATITLAN,CH_52,21
CHIGNAHUAPAN,CH_53,21
CHIGNAUTLA,CH_54,21
CHILA,CH_55,21
CHILA DE LA SAL,CH_56,21
HONEY,HO_57,21
CHILCHOTLA,CH_58,21
CHINANTLA,CH_59,21
DOMINGO ARENAS,DO_60,21
ELOXOCHITLAN,EL_61,21
EPATLAN,EP_62,21
ESPERANZA,ES_63,21
FRANCISCO Z. MENA,FR_64,21
GENERAL FELIPE ANGELES,GE_65,21
GUADALUPE,GU_66,21
GUADALUPE VICTORIA,GU_67,21
HERMENEGILDO GALEANA,HE_68,21
HUAQUECHULA,HU_69,21
HUATLATLAUCA,HU_70,21
HUAUCHINANGO,HU_71,21
HUEHUETLA,HU_72,21
HUEHUETLAN EL CHICO,HU_73,21
HUEJOTZINGO,HU_74,21
HUEYAPAN,HU_75,21
HUEYTAMALCO,HU_76,21
HUEYTLALPAN,HU_77,21
HUITZILAN DE SERDAN,HU_78,21
HUITZILTEPEC,HU_79,21
ATLEQUIZAYAN,AT_80,21
IXCAMILPA DE GUERRERO,IX_81,21
IXCAQUIXTLA,IX_82,21
IXTACAMAXTITLAN,IX_83,21
IXTEPEC,IX_84,21
IZUCAR DE MATAMOROS,IZ_85,21
JALPAN,JA_86,21
JOLALPAN,JO_87,21
JONOTLA,JO_88,21
JOPALA,JO_89,21
JUAN C. BONILLA,JU_90,21
JUAN GALINDO,JU_91,21
JUAN N. MENDEZ,JU_92,21
LAFRAGUA,LA_93,21
LIBRES,LI_94,21
LA MAGDALENA TLATLAUQUITEPEC,LA_95,21
MAZAPILTEPEC DE JUAREZ,MA_96,21
MIXTLA,MI_97,21
MOLCAXAC,MO_98,21
CAÑADA MORELOS,CA_99,21
NAUPAN,NA_00,21
NAUZONTLA,NA_01,21
NEALTICAN,NE_02,21
NICOLAS BRAVO,NI_03,21
NOPALUCAN,NO_04,21
OCOTEPEC,OC_05,21
OCOYUCAN,OC_06,21
OLINTLA,OL_07,21
ORIENTAL,OR_08,21
PAHUATLAN,PA_09,21
PALMAR DE BRAVO,PA_10,21
PANTEPEC,PA_11,21
PETLALCINGO,PE_12,21
PIAXTLA,PI_13,21
PUEBLA,PU_14,21
QUECHOLAC,QU_15,21
QUIMIXTLAN,QU_16,21
RAFAEL LARA GRAJALES,RA_17,21
LOS REYES DE JUAREZ,LO_18,21
SAN ANDRES CHOLULA,SA_19,21
SAN ANTONIO CAÑADA,SA_20,21
SAN DIEGO LA MESA TOCHIMILTZINGO,SA_21,21
SAN FELIPE TEOTLALCINGO,SA_22,21
SAN FELIPE TEPATLAN,SA_23,21
SAN GABRIEL CHILAC,SA_24,21
SAN GREGORIO ATZOMPA,SA_25,21
SAN JERONIMO TECUANIPAN,SA_26,21
SAN JERONIMO XAYACATLAN,SA_27,21
SAN JOSE CHIAPA,SA_28,21
SAN JOSE MIAHUATLAN,SA_29,21
SAN JUAN ATENCO,SA_30,21
SAN JUAN ATZOMPA,SA_31,21
SAN MARTIN TEXMELUCAN,SA_32,21
SAN MARTIN TOTOLTEPEC,SA_33,21
SAN MATIAS TLALANCALECA,SA_34,21
SAN MIGUEL IXITLAN,SA_35,21
SAN MIGUEL XOXTLA,SA_36,21
SAN NICOLAS BUENOS AIRES,SA_37,21
SAN NICOLAS DE LOS RANCHOS,SA_38,21
SAN PABLO ANICANO,SA_39,21
SAN PEDRO CHOLULA,SA_40,21
SAN PEDRO YELOIXTLAHUACA,SA_41,21
SAN SALVADOR EL SECO,SA_42,21
SAN SALVADOR EL VERDE,SA_43,21
SAN SALVADOR HUIXCOLOTLA,SA_44,21
SAN SEBASTIAN TLACOTEPEC,SA_45,21
SANTA CATARINA TLALTEMPAN,SA_46,21
SANTA INES AHUATEMPAN,SA_47,21
SANTA ISABEL CHOLULA,SA_48,21
SANTIAGO MIAHUATLAN,SA_49,21
HUEHUETLAN EL GRANDE,HU_50,21
SANTO TOMAS HUEYOTLIPAN,SA_51,21
SOLTEPEC,SO_52,21
TECALI DE HERRERA,TE_53,21
TECAMACHALCO,TE_54,21
TECOMATLAN,TE_55,21
TEHUACAN,TE_56,21
TEHUITZINGO,TE_57,21
TENAMPULCO,TE_58,21
TEOPANTLAN,TE_59,21
TEOTLALCO,TE_60,21
TEPANCO DE LOPEZ,TE_61,21
TEPANGO DE RODRIGUEZ,TE_62,21
TEPATLAXCO DE HIDALGO,TE_63,21
TEPEACA,TE_64,21
TEPEMAXALCO,TE_65,21
TEPEOJUMA,TE_66,21
TEPETZINTLA,TE_67,21
TEPEXCO,TE_68,21
TEPEXI DE RODRIGUEZ,TE_69,21
TEPEYAHUALCO,TE_70,21
TEPEYAHUALCO DE CUAUHTEMOC,TE_71,21
TETELA DE OCAMPO,TE_72,21
TETELES DE AVILA CASTILLO,TE_73,21
TEZIUTLAN,TE_74,21
TIANGUISMANALCO,TI_75,21
TILAPA,TI_76,21
TLACOTEPEC DE BENITO JUAREZ,TL_77,21
TLACUILOTEPEC,TL_78,21
TLACHICHUCA,TL_79,21
TLAHUAPAN,TL_80,21
TLALTENANGO,TL_81,21
TLANEPANTLA,TL_82,21
TLAOLA,TL_83,21
TLAPACOYA,TL_84,21
TLAPANALA,TL_85,21
TLATLAUQUITEPEC,TL_86,21
TLAXCO,TL_87,21
TOCHIMILCO,TO_88,21
TOCHTEPEC,TO_89,21
TOTOLTEPEC DE GUERRERO,TO_90,21
TULCINGO,TU_91,21
TUZAMAPAN DE GALEANA,TU_92,21
TZICATLACOYAN,TZ_93,21
VENUSTIANO CARRANZA,VE_94,21
VICENTE GUERRERO,VI_95,21
XAYACATLAN DE BRAVO,XA_96,21
XICOTEPEC,XI_97,21
XICOTLAN,XI_98,21
XIUTETELCO,XI_99,21
XOCHIAPULCO,XO_00,21
XOCHILTEPEC,XO_01,21
XOCHITLAN DE VICENTE SUAREZ,XO_02,21
XOCHITLAN TODOS SANTOS,XO_03,21
YAONAHUAC,YA_04,21
YEHUALTEPEC,YE_05,21
ZACAPALA,ZA_06,21
ZACAPOAXTLA,ZA_07,21
ZACATLAN,ZA_08,21
ZAPOTITLAN,ZA_09,21
ZAPOTITLAN DE MENDEZ,ZA_10,21
ZARAGOZA,ZA_11,21
ZAUTLA,ZA_12,21
ZIHUATEUTLA,ZI_13,21
ZINACATEPEC,ZI_14,21
ZONGOZOTLA,ZO_15,21
ZOQUIAPAN,ZO_16,21
ZOQUITLAN,ZO_17,21
NO ESPECIFICADO,NO_99,21
AMEALCO DE BONFIL,AM_1,22
PINAL DE AMOLES,PI_2,22
ARROYO SECO,AR_3,22
CADEREYTA DE MONTES,CA_4,22
COLON,CO_5,22
CORREGIDORA,CO_6,22
EZEQUIEL MONTES,EZ_7,22
HUIMILPAN,HU_8,22
JALPAN DE SERRA,JA_9,22
LANDA DE MATAMOROS,LA_10,22
EL MARQUES,EL_11,22
PEDRO ESCOBEDO,PE_12,22
PEÑAMILLER,PE_13,22
QUERETARO,QU_14,22
SAN JOAQUIN,SA_15,22
SAN JUAN DEL RIO,SA_16,22
TEQUISQUIAPAN,TE_17,22
TOLIMAN,TO_18,22
NO ESPECIFICADO,NO_99,22
COZUMEL,CO_1,23
FELIPE CARRILLO PUERTO,FE_2,23
ISLA MUJERES,IS_3,23
OTHON P. BLANCO,OT_4,23
BENITO JUAREZ,BE_5,23
JOSE MARIA MORELOS,JO_6,23
LAZARO CARDENAS,LA_7,23
SOLIDARIDAD,SO_8,23
TULUM,TU_9,23
BACALAR,BA_10,23
PUERTO MORELOS,PU_11,23
NO ESPECIFICADO,NO_99,23
AHUALULCO DEL SONIDO 13,AH_1,24
ALAQUINES,AL_2,24
AQUISMON,AQ_3,24
ARMADILLO DE LOS INFANTE,AR_4,24
CARDENAS,CA_5,24
CATORCE,CA_6,24
CEDRAL,CE_7,24
CERRITOS,CE_8,24
CERRO DE SAN PEDRO,CE_9,24
CIUDAD DEL MAIZ,CI_10,24
CIUDAD FERNANDEZ,CI_11,24
TANCANHUITZ,TA_12,24
CIUDAD VALLES,CI_13,24
COXCATLAN,CO_14,24
CHARCAS,CH_15,24
EBANO,EB_16,24
GUADALCAZAR,GU_17,24
HUEHUETLAN,HU_18,24
LAGUNILLAS,LA_19,24
MATEHUALA,MA_20,24
MEXQUITIC DE CARMONA,ME_21,24
MOCTEZUMA,MO_22,24
RAYON,RA_23,24
RIOVERDE,RI_24,24
SALINAS,SA_25,24
SAN ANTONIO,SA_26,24
SAN CIRO DE ACOSTA,SA_27,24
SAN LUIS POTOSI,SA_28,24
SAN MARTIN CHALCHICUAUTLA,SA_29,24
SAN NICOLAS TOLENTINO,SA_30,24
SANTA CATARINA,SA_31,24
SANTA MARIA DEL RIO,SA_32,24
SANTO DOMINGO,SA_33,24
SAN VICENTE TANCUAYALAB,SA_34,24
SOLEDAD DE GRACIANO SANCHEZ,SO_35,24
TAMASOPO,TA_36,24
TAMAZUNCHALE,TA_37,24
TAMPACAN,TA_38,24
TAMPAMOLON CORONA,TA_39,24
TAMUIN,TA_40,24
TANLAJAS,TA_41,24
TANQUIAN DE ESCOBEDO,TA_42,24
TIERRA NUEVA,TI_43,24
VANEGAS,VA_44,24
VENADO,VE_45,24
VILLA DE ARRIAGA,VI_46,24
VILLA DE GUADALUPE,VI_47,24
VILLA DE LA PAZ,VI_48,24
VILLA DE RAMOS,VI_49,24
VILLA DE REYES,VI_50,24
VILLA HIDALGO,VI_51,24
VILLA JUAREZ,VI_52,24
AXTLA DE TERRAZAS,AX_53,24
XILITLA,XI_54,24
ZARAGOZA,ZA_55,24
VILLA DE ARISTA,VI_56,24
MATLAPA,MA_57,24
EL NARANJO,EL_58,24
NO ESPECIFICADO,NO_99,24
AHOME,AH_1,25
ANGOSTURA,AN_2,25
BADIRAGUATO,BA_3,25
CONCORDIA,CO_4,25
COSALA,CO_5,25
CULIACAN,CU_6,25
CHOIX,CH_7,25
ELOTA,EL_8,25
ESCUINAPA,ES_9,25
EL FUERTE,EL_10,25
GUASAVE,GU_11,25
MAZATLAN,MA_12,25
MOCORITO,MO_13,25
ROSARIO,RO_14,25
SALVADOR ALVARADO,SA_15,25
SAN IGNACIO,SA_16,25
SINALOA,SI_17,25
NAVOLATO,NA_18,25
NO ESPECIFICADO,NO_99,25
ACONCHI,AC_1,26
AGUA PRIETA,AG_2,26
ALAMOS,AL_3,26
ALTAR,AL_4,26
ARIVECHI,AR_5,26
ARIZPE,AR_6,26
ATIL,AT_7,26
BACADEHUACHI,BA_8,26
BACANORA,BA_9,26
BACERAC,BA_10,26
BACOACHI,BA_11,26
BACUM,BA_12,26
BANAMICHI,BA_13,26
BAVIACORA,BA_14,26
BAVISPE,BA_15,26
BENJAMIN HILL,BE_16,26
CABORCA,CA_17,26
CAJEME,CA_18,26
CANANEA,CA_19,26
CARBO,CA_20,26
LA COLORADA,LA_21,26
CUCURPE,CU_22,26
CUMPAS,CU_23,26
DIVISADEROS,DI_24,26
EMPALME,EM_25,26
ETCHOJOA,ET_26,26
FRONTERAS,FR_27,26
GRANADOS,GR_28,26
GUAYMAS,GU_29,26
HERMOSILLO,HE_30,26
HUACHINERA,HU_31,26
HUASABAS,HU_32,26
HUATABAMPO,HU_33,26
HUEPAC,HU_34,26
IMURIS,IM_35,26
MAGDALENA,MA_36,26
MAZATAN,MA_37,26
MOCTEZUMA,MO_38,26
NACO,NA_39,26
NACORI CHICO,NA_40,26
NACOZARI DE GARCIA,NA_41,26
NAVOJOA,NA_42,26
NOGALES,NO_43,26
ONAVAS,ON_44,26
OPODEPE,OP_45,26
OQUITOA,OQ_46,26
PITIQUITO,PI_47,26
PUERTO PEÑASCO,PU_48,26
QUIRIEGO,QU_49,26
RAYON,RA_50,26
ROSARIO,RO_51,26
SAHUARIPA,SA_52,26
SAN FELIPE DE JESUS,SA_53,26
SAN JAVIER,SA_54,26
SAN LUIS RIO COLORADO,SA_55,26
SAN MIGUEL DE HORCASITAS,SA_56,26
SAN PEDRO DE LA CUEVA,SA_57,26
SANTA ANA,SA_58,26
SANTA CRUZ,SA_59,26
SARIC,SA_60,26
SOYOPA,SO_61,26
SUAQUI GRANDE,SU_62,26
TEPACHE,TE_63,26
TRINCHERAS,TR_64,26
TUBUTAMA,TU_65,26
URES,UR_66,26
VILLA HIDALGO,VI_67,26
VILLA PESQUEIRA,VI_68,26
YECORA,YE_69,26
GENERAL PLUTARCO ELIAS CALLES,GE_70,26
BENITO JUAREZ,BE_71,26
SAN IGNACIO RIO MUERTO,SA_72,26
NO ESPECIFICADO,NO_99,26
BALANCAN,BA_1,27
CARDENAS,CA_2,27
CENTLA,CE_3,27
CENTRO,CE_4,27
COMALCALCO,CO_5,27
CUNDUACAN,CU_6,27
EMILIANO ZAPATA,EM_7,27
HUIMANGUILLO,HU_8,27
JALAPA,JA_9,27
JALPA DE MENDEZ,JA_10,27
JONUTA,JO_11,27
MACUSPANA,MA_12,27
NACAJUCA,NA_13,27
PARAISO,PA_14,27
TACOTALPA,TA_15,27
TEAPA,TE_16,27
TENOSIQUE,TE_17,27
NO ESPECIFICADO,NO_99,27
ABASOLO,AB_1,28
ALDAMA,AL_2,28
ALTAMIRA,AL_3,28
ANTIGUO MORELOS,AN_4,28
BURGOS,BU_5,28
BUSTAMANTE,BU_6,28
CAMARGO,CA_7,28
CASAS,CA_8,28
CIUDAD MADERO,CI_9,28
CRUILLAS,CR_10,28
GOMEZ FARIAS,GO_11,28
GONZALEZ,GO_12,28
GÜEMEZ,GÜ_13,28
GUERRERO,GU_14,28
GUSTAVO DIAZ ORDAZ,GU_15,28
HIDALGO,HI_16,28
JAUMAVE,JA_17,28
JIMENEZ,JI_18,28
LLERA,LL_19,28
MAINERO,MA_20,28
EL MANTE,EL_21,28
MATAMOROS,MA_22,28
MENDEZ,ME_23,28
MIER,MI_24,28
MIGUEL ALEMAN,MI_25,28
MIQUIHUANA,MI_26,28
NUEVO LAREDO,NU_27,28
NUEVO MORELOS,NU_28,28
OCAMPO,OC_29,28
PADILLA,PA_30,28
PALMILLAS,PA_31,28
REYNOSA,RE_32,28
RIO BRAVO,RI_33,28
SAN CARLOS,SA_34,28
SAN FERNANDO,SA_35,28
SAN NICOLAS,SA_36,28
SOTO LA MARINA,SO_37,28
TAMPICO,TA_38,28
TULA,TU_39,28
VALLE HERMOSO,VA_40,28
VICTORIA,VI_41,28
VILLAGRAN,VI_42,28
XICOTENCATL,XI_43,28
NO ESPECIFICADO,NO_99,28
AMAXAC DE GUERRERO,AM_1,29
APETATITLAN DE ANTONIO CARVAJAL,AP_2,29
ATLANGATEPEC,AT_3,29
ATLTZAYANCA,AT_4,29
APIZACO,AP_5,29
CALPULALPAN,CA_6,29
EL CARMEN TEQUEXQUITLA,EL_7,29
CUAPIAXTLA,CU_8,29
CUAXOMULCO,CU_9,29
CHIAUTEMPAN,CH_10,29
MUÑOZ DE DOMINGO ARENAS,MU_11,29
ESPAÑITA,ES_12,29
HUAMANTLA,HU_13,29
HUEYOTLIPAN,HU_14,29
IXTACUIXTLA DE MARIANO MATAMOROS,IX_15,29
IXTENCO,IX_16,29
MAZATECOCHCO DE JOSE MARIA MORELOS,MA_17,29
CONTLA DE JUAN CUAMATZI,CO_18,29
TEPETITLA DE LARDIZABAL,TE_19,29
SANCTORUM DE LAZARO CARDENAS,SA_20,29
NANACAMILPA DE MARIANO ARISTA,NA_21,29
ACUAMANALA DE MIGUEL HIDALGO,AC_22,29
NATIVITAS,NA_23,29
PANOTLA,PA_24,29
SAN PABLO DEL MONTE,SA_25,29
SANTA CRUZ TLAXCALA,SA_26,29
TENANCINGO,TE_27,29
TEOLOCHOLCO,TE_28,29
TEPEYANCO,TE_29,29
TERRENATE,TE_30,29
TETLA DE LA SOLIDARIDAD,TE_31,29
TETLATLAHUCA,TE_32,29
TLAXCALA,TL_33,29
TLAXCO,TL_34,29
TOCATLAN,TO_35,29
TOTOLAC,TO_36,29
ZILTLALTEPEC DE TRINIDAD SANCHEZ SANTOS,ZI_37,29
TZOMPANTEPEC,TZ_38,29
XALOZTOC,XA_39,29
XALTOCAN,XA_40,29
PAPALOTLA DE XICOHTENCATL,PA_41,29
XICOHTZINCO,XI_42,29
YAUHQUEMEHCAN,YA_43,29
ZACATELCO,ZA_44,29
BENITO JUAREZ,BE_45,29
EMILIANO ZAPATA,EM_46,29
LAZARO CARDENAS,LA_47,29
LA MAGDALENA TLALTELULCO,LA_48,29
SAN DAMIAN TEXOLOC,SA_49,29
SAN FRANCISCO TETLANOHCAN,SA_50,29
SAN JERONIMO ZACUALPAN,SA_51,29
SAN JOSE TEACALCO,SA_52,29
SAN JUAN HUACTZINCO,SA_53,29
SAN LORENZO AXOCOMANITLA,SA_54,29
SAN LUCAS TECOPILCO,SA_55,29
SANTA ANA NOPALUCAN,SA_56,29
SANTA APOLONIA TEACALCO,SA_57,29
SANTA CATARINA AYOMETLA,SA_58,29
SANTA CRUZ QUILEHTLA,SA_59,29
SANTA ISABEL XILOXOXTLA,SA_60,29
NO ESPECIFICADO,NO_99,29
ACAJETE,AC_1,30
ACATLAN,AC_2,30
ACAYUCAN,AC_3,30
ACTOPAN,AC_4,30
ACULA,AC_5,30
ACULTZINGO,AC_6,30
CAMARON DE TEJEDA,CA_7,30
ALPATLAHUAC,AL_8,30
ALTO LUCERO DE GUTIERREZ BARRIOS,AL_9,30
ALTOTONGA,AL_10,30
ALVARADO,AL_11,30
AMATITLAN,AM_12,30
NARANJOS AMATLAN,NA_13,30
AMATLAN DE LOS REYES,AM_14,30
ANGEL R. CABADA,AN_15,30
LA ANTIGUA,LA_16,30
APAZAPAN,AP_17,30
AQUILA,AQ_18,30
ASTACINGA,AS_19,30
ATLAHUILCO,AT_20,30
ATOYAC,AT_21,30
ATZACAN,AT_22,30
ATZALAN,AT_23,30
TLALTETELA,TL_24,30
AYAHUALULCO,AY_25,30
BANDERILLA,BA_26,30
BENITO JUAREZ,BE_27,30
BOCA DEL RIO,BO_28,30
CALCAHUALCO,CA_29,30
CAMERINO Z. MENDOZA,CA_30,30
CARRILLO PUERTO,CA_31,30
CATEMACO,CA_32,30
CAZONES DE HERRERA,CA_33,30
CERRO AZUL,CE_34,30
CITLALTEPETL,CI_35,30
COACOATZINTLA,CO_36,30
COAHUITLAN,CO_37,30
COATEPEC,CO_38,30
COATZACOALCOS,CO_39,30
COATZINTLA,CO_40,30
COETZALA,CO_41,30
COLIPA,CO_42,30
COMAPA,CO_43,30
CORDOBA,CO_44,30
COSAMALOAPAN DE CARPIO,CO_45,30
COSAUTLAN DE CARVAJAL,CO_46,30
COSCOMATEPEC,CO_47,30
COSOLEACAQUE,CO_48,30
COTAXTLA,CO_49,30
COXQUIHUI,CO_50,30
COYUTLA,CO_51,30
CUICHAPA,CU_52,30
CUITLAHUAC,CU_53,30
CHACALTIANGUIS,CH_54,30
CHALMA,CH_55,30
CHICONAMEL,CH_56,30
CHICONQUIACO,CH_57,30
CHICONTEPEC,CH_58,30
CHINAMECA,CH_59,30
CHINAMPA DE GOROSTIZA,CH_60,30
LAS CHOAPAS,LA_61,30
CHOCAMAN,CH_62,30
CHONTLA,CH_63,30
CHUMATLAN,CH_64,30
EMILIANO ZAPATA,EM_65,30
ESPINAL,ES_66,30
FILOMENO MATA,FI_67,30
FORTIN,FO_68,30
GUTIERREZ ZAMORA,GU_69,30
HIDALGOTITLAN,HI_70,30
HUATUSCO,HU_71,30
HUAYACOCOTLA,HU_72,30
HUEYAPAN DE OCAMPO,HU_73,30
HUILOAPAN DE CUAUHTEMOC,HU_74,30
IGNACIO DE LA LLAVE,IG_75,30
ILAMATLAN,IL_76,30
ISLA,IS_77,30
IXCATEPEC,IX_78,30
IXHUACAN DE LOS REYES,IX_79,30
IXHUATLAN DEL CAFE,IX_80,30
IXHUATLANCILLO,IX_81,30
IXHUATLAN DEL SURESTE,IX_82,30
IXHUATLAN DE MADERO,IX_83,30
IXMATLAHUACAN,IX_84,30
IXTACZOQUITLAN,IX_85,30
JALACINGO,JA_86,30
XALAPA,XA_87,30
JALCOMULCO,JA_88,30
JALTIPAN,JA_89,30
JAMAPA,JA_90,30
JESUS CARRANZA,JE_91,30
XICO,XI_92,30
JILOTEPEC,JI_93,30
JUAN RODRIGUEZ CLARA,JU_94,30
JUCHIQUE DE FERRER,JU_95,30
LANDERO Y COSS,LA_96,30
LERDO DE TEJADA,LE_97,30
MAGDALENA,MA_98,30
MALTRATA,MA_99,30
MANLIO FABIO ALTAMIRANO,MA_00,30
MARIANO ESCOBEDO,MA_01,30
MARTINEZ DE LA TORRE,MA_02,30
MECATLAN,ME_03,30
MECAYAPAN,ME_04,30
MEDELLIN DE BRAVO,ME_05,30
MIAHUATLAN,MI_06,30
LAS MINAS,LA_07,30
MINATITLAN,MI_08,30
MISANTLA,MI_09,30
MIXTLA DE ALTAMIRANO,MI_10,30
MOLOACAN,MO_11,30
NAOLINCO,NA_12,30
NARANJAL,NA_13,30
NAUTLA,NA_14,30
NOGALES,NO_15,30
OLUTA,OL_16,30
OMEALCA,OM_17,30
ORIZABA,OR_18,30
OTATITLAN,OT_19,30
OTEAPAN,OT_20,30
OZULUAMA DE MASCAREÑAS,OZ_21,30
PAJAPAN,PA_22,30
PANUCO,PA_23,30
PAPANTLA,PA_24,30
PASO DEL MACHO,PA_25,30
PASO DE OVEJAS,PA_26,30
LA PERLA,LA_27,30
PEROTE,PE_28,30
PLATON SANCHEZ,PL_29,30
PLAYA VICENTE,PL_30,30
POZA RICA DE HIDALGO,PO_31,30
LAS VIGAS DE RAMIREZ,LA_32,30
PUEBLO VIEJO,PU_33,30
PUENTE NACIONAL,PU_34,30
RAFAEL DELGADO,RA_35,30
RAFAEL LUCIO,RA_36,30
LOS REYES,LO_37,30
RIO BLANCO,RI_38,30
SALTABARRANCA,SA_39,30
SAN ANDRES TENEJAPAN,SA_40,30
SAN ANDRES TUXTLA,SA_41,30
SAN JUAN EVANGELISTA,SA_42,30
SANTIAGO TUXTLA,SA_43,30
SAYULA DE ALEMAN,SA_44,30
SOCONUSCO,SO_45,30
SOCHIAPA,SO_46,30
SOLEDAD ATZOMPA,SO_47,30
SOLEDAD DE DOBLADO,SO_48,30
SOTEAPAN,SO_49,30
TAMALIN,TA_50,30
TAMIAHUA,TA_51,30
TAMPICO ALTO,TA_52,30
TANCOCO,TA_53,30
TANTIMA,TA_54,30
TANTOYUCA,TA_55,30
TATATILA,TA_56,30
CASTILLO DE TEAYO,CA_57,30
TECOLUTLA,TE_58,30
TEHUIPANGO,TE_59,30
ALAMO TEMAPACHE,AL_60,30
TEMPOAL,TE_61,30
TENAMPA,TE_62,30
TENOCHTITLAN,TE_63,30
TEOCELO,TE_64,30
TEPATLAXCO,TE_65,30
TEPETLAN,TE_66,30
TEPETZINTLA,TE_67,30
TEQUILA,TE_68,30
JOSE AZUETA,JO_69,30
TEXCATEPEC,TE_70,30
TEXHUACAN,TE_71,30
TEXISTEPEC,TE_72,30
TEZONAPA,TE_73,30
TIERRA BLANCA,TI_74,30
TIHUATLAN,TI_75,30
TLACOJALPAN,TL_76,30
TLACOLULAN,TL_77,30
TLACOTALPAN,TL_78,30
TLACOTEPEC DE MEJIA,TL_79,30
TLACHICHILCO,TL_80,30
TLALIXCOYAN,TL_81,30
TLALNELHUAYOCAN,TL_82,30
TLAPACOYAN,TL_83,30
TLAQUILPA,TL_84,30
TLILAPAN,TL_85,30
TOMATLAN,TO_86,30
TONAYAN,TO_87,30
TOTUTLA,TO_88,30
TUXPAN,TU_89,30
TUXTILLA,TU_90,30
URSULO GALVAN,UR_91,30
VEGA DE ALATORRE,VE_92,30
VERACRUZ,VE_93,30
VILLA ALDAMA,VI_94,30
XOXOCOTLA,XO_95,30
YANGA,YA_96,30
YECUATLA,YE_97,30
ZACUALPAN,ZA_98,30
ZARAGOZA,ZA_99,30
ZENTLA,ZE_00,30
ZONGOLICA,ZO_01,30
ZONTECOMATLAN DE LOPEZ Y FUENTES,ZO_02,30
ZOZOCOLCO DE HIDALGO,ZO_03,30
AGUA DULCE,AG_04,30
EL HIGO,EL_05,30
NANCHITAL DE LAZARO CARDENAS DEL RIO,NA_06,30
TRES VALLES,TR_07,30
CARLOS A. CARRILLO,CA_08,30
TATAHUICAPAN DE JUAREZ,TA_09,30
UXPANAPA,UX_10,30
SAN RAFAEL,SA_11,30
SANTIAGO SOCHIAPAN,SA_12,30
NO ESPECIFICADO,NO_99,30
ABALA,AB_1,31
ACANCEH,AC_2,31
AKIL,AK_3,31
BACA,BA_4,31
BOKOBA,BO_5,31
BUCTZOTZ,BU_6,31
CACALCHEN,CA_7,31
CALOTMUL,CA_8,31
CANSAHCAB,CA_9,31
CANTAMAYEC,CA_10,31
CELESTUN,CE_11,31
CENOTILLO,CE_12,31
CONKAL,CO_13,31
CUNCUNUL,CU_14,31
CUZAMA,CU_15,31
CHACSINKIN,CH_16,31
CHANKOM,CH_17,31
CHAPAB,CH_18,31
CHEMAX,CH_19,31
CHICXULUB PUEBLO,CH_20,31
CHICHIMILA,CH_21,31
CHIKINDZONOT,CH_22,31
CHOCHOLA,CH_23,31
CHUMAYEL,CH_24,31
DZAN,DZ_25,31
DZEMUL,DZ_26,31
DZIDZANTUN,DZ_27,31
DZILAM DE BRAVO,DZ_28,31
DZILAM GONZALEZ,DZ_29,31
DZITAS,DZ_30,31
DZONCAUICH,DZ_31,31
ESPITA,ES_32,31
HALACHO,HA_33,31
HOCABA,HO_34,31
HOCTUN,HO_35,31
HOMUN,HO_36,31
HUHI,HU_37,31
HUNUCMA,HU_38,31
IXIL,IX_39,31
IZAMAL,IZ_40,31
KANASIN,KA_41,31
KANTUNIL,KA_42,31
KAUA,KA_43,31
KINCHIL,KI_44,31
KOPOMA,KO_45,31
MAMA,MA_46,31
MANI,MA_47,31
MAXCANU,MA_48,31
MAYAPAN,MA_49,31
MERIDA,ME_50,31
MOCOCHA,MO_51,31
MOTUL,MO_52,31
MUNA,MU_53,31
MUXUPIP,MU_54,31
OPICHEN,OP_55,31
OXKUTZCAB,OX_56,31
PANABA,PA_57,31
PETO,PE_58,31
PROGRESO,PR_59,31
QUINTANA ROO,QU_60,31
RIO LAGARTOS,RI_61,31
SACALUM,SA_62,31
SAMAHIL,SA_63,31
SANAHCAT,SA_64,31
SAN FELIPE,SA_65,31
SANTA ELENA,SA_66,31
SEYE,SE_67,31
SINANCHE,SI_68,31
SOTUTA,SO_69,31
SUCILA,SU_70,31
SUDZAL,SU_71,31
SUMA,SU_72,31
TAHDZIU,TA_73,31
TAHMEK,TA_74,31
TEABO,TE_75,31
TECOH,TE_76,31
TEKAL DE VENEGAS,TE_77,31
TEKANTO,TE_78,31
TEKAX,TE_79,31
TEKIT,TE_80,31
TEKOM,TE_81,31
TELCHAC PUEBLO,TE_82,31
TELCHAC PUERTO,TE_83,31
TEMAX,TE_84,31
TEMOZON,TE_85,31
TEPAKAN,TE_86,31
TETIZ,TE_87,31
TEYA,TE_88,31
TICUL,TI_89,31
TIMUCUY,TI_90,31
TINUM,TI_91,31
TIXCACALCUPUL,TI_92,31
TIXKOKOB,TI_93,31
TIXMEHUAC,TI_94,31
TIXPEHUAL,TI_95,31
TIZIMIN,TI_96,31
TUNKAS,TU_97,31
TZUCACAB,TZ_98,31
UAYMA,UA_99,31
UCU,UC_00,31
UMAN,UM_01,31
VALLADOLID,VA_02,31
XOCCHEL,XO_03,31
YAXCABA,YA_04,31
YAXKUKUL,YA_05,31
YOBAIN,YO_06,31
NO ESPECIFICADO,NO_99,31
APOZOL,AP_1,32
APULCO,AP_2,32
ATOLINGA,AT_3,32
BENITO JUAREZ,BE_4,32
CALERA,CA_5,32
CAÑITAS DE FELIPE PESCADOR,CA_6,32
CONCEPCION DEL ORO,CO_7,32
CUAUHTEMOC,CU_8,32
CHALCHIHUITES,CH_9,32
FRESNILLO,FR_10,32
TRINIDAD GARCIA DE LA CADENA,TR_11,32
GENARO CODINA,GE_12,32
GENERAL ENRIQUE ESTRADA,GE_13,32
GENERAL FRANCISCO R. MURGUIA,GE_14,32
EL PLATEADO DE JOAQUIN AMARO,EL_15,32
GENERAL PANFILO NATERA,GE_16,32
GUADALUPE,GU_17,32
HUANUSCO,HU_18,32
JALPA,JA_19,32
JEREZ,JE_20,32
JIMENEZ DEL TEUL,JI_21,32
JUAN ALDAMA,JU_22,32
JUCHIPILA,JU_23,32
LORETO,LO_24,32
LUIS MOYA,LU_25,32
MAZAPIL,MA_26,32
MELCHOR OCAMPO,ME_27,32
MEZQUITAL DEL ORO,ME_28,32
MIGUEL AUZA,MI_29,32
MOMAX,MO_30,32
MONTE ESCOBEDO,MO_31,32
MORELOS,MO_32,32
MOYAHUA DE ESTRADA,MO_33,32
NOCHISTLAN DE MEJIA,NO_34,32
NORIA DE ANGELES,NO_35,32
OJOCALIENTE,OJ_36,32
PANUCO,PA_37,32
PINOS,PI_38,32
RIO GRANDE,RI_39,32
SAIN ALTO,SA_40,32
EL SALVADOR,EL_41,32
SOMBRERETE,SO_42,32
SUSTICACAN,SU_43,32
TABASCO,TA_44,32
TEPECHITLAN,TE_45,32
TEPETONGO,TE_46,32
TEUL DE GONZALEZ ORTEGA,TE_47,32
TLALTENANGO DE SANCHEZ ROMAN,TL_48,32
VALPARAISO,VA_49,32
VETAGRANDE,VE_50,32
VILLA DE COS,VI_51,32
VILLA GARCIA,VI_52,32
VILLA GONZALEZ ORTEGA,VI_53,32
VILLA HIDALGO,VI_54,32
VILLANUEVA,VI_55,32
ZACATECAS,ZA_56,32
TRANCOSO,TR_57,32
SANTA MARIA DE LA PAZ,SA_58,32